City_ID,City,Lat,Lng,Max Temp,Humidity,Cloudiness,Wind Speed,Country,Date
0,Atuona,-9.8,-139.03,78.15,69,66,14.43,PF,10/30/2020
1,Butaritari,3.07,172.79,82.4,77,27,11.83,KI,10/30/2020
2,Tuy Hoa,13.08,109.3,82.22,80,23,9.35,VN,10/30/2020
3,Novi Pazar,43.14,20.51,47.19,80,92,3.65,RS,10/30/2020
4,Dzerzhinsk,56.24,43.46,35.6,74,20,4.47,RU,10/30/2020
5,Mason City,43.15,-93.2,32,95,90,2.35,US,10/30/2020
6,Bredasdorp,-34.53,20.04,60.8,44,18,9.17,ZA,10/30/2020
7,Hilo,19.73,-155.09,77,88,90,2.01,US,10/30/2020
8,Tautira,-17.73,-149.15,80.6,78,90,3.36,PF,10/30/2020
9,Bengkulu,-3.8,102.27,82.92,71,93,6.11,ID,10/30/2020
10,Roald,62.58,6.13,42.8,75,0,11.41,NO,10/30/2020
11,Hobart,-42.88,147.33,63,67,90,17.22,AU,10/30/2020
12,Dunedin,-45.87,170.5,63,76,100,8.14,NZ,10/30/2020
13,Qaanaaq,77.48,-69.36,5.94,74,40,7.45,GL,10/30/2020
14,Rikitea,-23.12,-134.97,75.38,73,100,4.32,PF,10/30/2020
15,Albany,42.6,-73.97,39,89,100,10.92,US,10/30/2020
16,Hermanus,-34.42,19.23,57,67,43,3,ZA,10/30/2020
17,Ushuaia,-54.8,-68.3,42.8,87,90,6.93,AR,10/30/2020
18,Cape Town,-33.93,18.42,61,54,0,5.82,ZA,10/30/2020
19,Wisconsin Rapids,44.38,-89.82,30.2,63,90,3.36,US,10/30/2020
20,Goma,-1.68,29.22,68.49,76,100,0.58,CD,10/30/2020
21,Oranjemund,-28.55,16.43,57.24,66,0,20.74,NA,10/30/2020
22,New Norfolk,-42.78,147.06,63,62,64,1.01,AU,10/30/2020
23,Aksu,41.12,80.26,56.05,34,98,5.35,CN,10/30/2020
24,Ketchikan,55.34,-131.65,44.6,80,90,11.41,US,10/30/2020
25,Mandalgovi,45.76,106.27,47.66,45,100,22.84,MN,10/30/2020
26,Hashtrud,37.48,47.05,63.19,29,0,1.9,IR,10/30/2020
27,Jamestown,42.1,-79.24,42.01,93,90,11.41,US,10/30/2020
28,Norman Wells,65.28,-126.83,7.92,93,58,3.33,CA,10/30/2020
29,Vaini,-21.2,-175.2,71.6,73,20,10.29,TO,10/30/2020
30,Saint-Philippe,-21.36,55.77,77,50,40,28.86,RE,10/30/2020
31,High Prairie,55.43,-116.49,30.74,95,100,7.61,CA,10/30/2020
32,Makakilo City,21.35,-158.09,80.6,57,75,11.41,US,10/30/2020
33,Tayu,-6.54,111.05,86.27,63,93,8.1,ID,10/30/2020
34,Mahebourg,-20.41,57.7,75.99,49,11,15.99,MU,10/30/2020
35,Hithadhoo,-0.6,73.08,83.35,76,84,11.86,MV,10/30/2020
36,Black River,18.03,-77.85,80.6,88,75,2.24,JM,10/30/2020
37,San Isidro,-12.12,-77.05,61,82,40,11.41,PE,10/30/2020
38,Osorno,-40.57,-73.15,46.4,87,71,3.36,CL,10/30/2020
39,Igarka,67.47,86.58,8.02,94,96,11.86,RU,10/30/2020
40,Zhigansk,66.77,123.37,-8.64,90,100,4.09,RU,10/30/2020
41,Potosi,-19.58,-65.75,42.33,73,33,5.06,BO,10/30/2020
42,At-Bashi,41.17,75.81,36.59,61,2,0.45,KG,10/30/2020
43,Busselton,-33.65,115.33,89.01,19,0,5.14,AU,10/30/2020
44,Vao,-22.67,167.48,73.83,83,82,17.43,NC,10/30/2020
45,Banposh,22.25,84.8,84.52,32,12,5.1,IN,10/30/2020
46,Teguldet,57.31,88.17,32.67,95,100,1.77,RU,10/30/2020
47,Kaeo,-35.1,173.78,64.99,80,100,8.01,NZ,10/30/2020
48,Barsovo,61.17,73.17,33.8,100,75,8.95,RU,10/30/2020
49,Bethel,41.37,-73.41,42.8,87,90,10.29,US,10/30/2020
50,Alyangula,-13.85,136.42,91.4,38,99,8.05,AU,10/30/2020
51,Nanortalik,60.14,-45.24,29.84,92,99,9.98,GL,10/30/2020
52,East London,-33.02,27.91,60.8,67,20,12.75,ZA,10/30/2020
53,Husavik,66.04,-17.34,44.6,70,75,5.82,IS,10/30/2020
54,Chokurdakh,70.63,147.92,-4.52,93,99,1.25,RU,10/30/2020
55,Deputatskiy,69.3,139.9,1.4,95,100,0.83,RU,10/30/2020
56,Sampang,-7.19,113.24,84.76,71,93,10.45,ID,10/30/2020
57,Oriximina,-1.77,-55.87,78.08,79,65,2.42,BR,10/30/2020
58,Kortkeros,61.81,51.58,39.2,100,90,11.18,RU,10/30/2020
59,Tuktoyaktuk,69.45,-133.04,5.54,95,54,5.79,CA,10/30/2020
60,Byron Bay,-28.65,153.62,80.01,73,0,17.22,AU,10/30/2020
61,Seoul,37.57,126.98,66.2,17,1,3.36,KR,10/30/2020
62,Juegang,32.32,121.19,70,1,0,1.01,CN,10/30/2020
63,Morro Bay,35.37,-120.85,57,81,1,3.65,US,10/30/2020
64,Khudumelapye,-23.88,24.75,78.96,20,18,13.2,BW,10/30/2020
65,Mataura,-46.19,168.86,59,93,100,3,NZ,10/30/2020
66,Rocha,-34.48,-54.33,46.54,89,44,4.56,UY,10/30/2020
67,Saskylakh,71.92,114.08,0.1,85,15,6.85,RU,10/30/2020
68,Alibag,18.64,72.88,91.4,43,0,6.93,IN,10/30/2020
69,Sorland,67.67,12.69,39.2,64,40,11.41,NO,10/30/2020
70,Sao Joao De Pirabas,-0.77,-47.18,79.47,82,62,7.99,BR,10/30/2020
71,Provideniya,64.38,-173.3,23,67,0,2.33,RU,10/30/2020
72,Avera,33.19,-82.53,57.2,54,1,11.41,US,10/30/2020
73,Port Alfred,-33.59,26.89,62.19,61,96,14.97,ZA,10/30/2020
74,Kaitangata,-46.28,169.85,61,86,100,1.99,NZ,10/30/2020
75,Kapaa,22.08,-159.32,71.6,78,1,9.17,US,10/30/2020
76,Kavieng,-2.57,150.8,81.32,74,100,5.86,PG,10/30/2020
77,Marsh Harbour,26.54,-77.06,80.73,83,0,13.56,BS,10/30/2020
78,Georgetown,5.41,100.34,89.6,62,20,9.17,MY,10/30/2020
79,Chuy,-33.7,-53.46,52.56,82,45,5.64,UY,10/30/2020
80,Carmen,18.63,-91.83,80.71,80,100,20.42,MX,10/30/2020
81,Grindavik,63.84,-22.43,41,93,75,11.41,IS,10/30/2020
82,Frome,51.23,-2.32,57.99,89,100,8.99,GB,10/30/2020
83,Prado,-17.34,-39.22,75.45,89,97,11.32,BR,10/30/2020
84,Tasiilaq,65.61,-37.64,33.8,86,100,9.17,GL,10/30/2020
85,Baruun-Urt,46.68,113.28,50.9,40,100,18.45,MN,10/30/2020
86,Castro,-24.79,-50.01,58.95,96,100,11.03,BR,10/30/2020
87,Khatanga,71.97,102.5,-1.35,85,0,9.33,RU,10/30/2020
88,Petropavlovsk-Kamchatskiy,53.05,158.65,39.2,86,20,4.47,RU,10/30/2020
89,Qaqortoq,60.72,-46.03,28.4,86,84,5.82,GL,10/30/2020
90,Korla,41.76,86.15,53.26,38,20,6.49,CN,10/30/2020
91,Arona,28.1,-16.68,66.99,72,20,9.17,ES,10/30/2020
92,Yellowknife,62.46,-114.35,14,94,100,1.12,CA,10/30/2020
93,Riyadh,24.69,46.72,78.8,26,0,2.24,SA,10/30/2020
94,Cherskiy,68.75,161.3,5.76,92,100,3.71,RU,10/30/2020
95,Desaguadero,-16.57,-69.04,45.81,73,58,7.34,PE,10/30/2020
96,Puerto Ayora,-0.74,-90.35,68,95,85,7,EC,10/30/2020
97,Umm Lajj,25.02,37.27,87.67,23,0,4.94,SA,10/30/2020
98,Pokhara,28.23,83.98,85.06,20,0,5.06,NP,10/30/2020
99,Touros,-5.2,-35.46,71.6,94,40,4.7,BR,10/30/2020
100,Kruisfontein,-34,24.73,60.01,68,26,5.99,ZA,10/30/2020
101,Torbay,47.67,-52.73,39.99,77,90,3,CA,10/30/2020
102,Punta Arenas,-53.15,-70.92,46.4,75,75,24.16,CL,10/30/2020
103,Cayenne,4.93,-52.33,77,100,0,12.19,GF,10/30/2020
104,Solnechnyy,50.72,136.63,37.67,77,98,4.27,RU,10/30/2020
105,Kongwa,-6.2,36.42,77.38,41,62,5.7,TZ,10/30/2020
106,Paamiut,61.99,-49.67,25.81,88,0,3.87,GL,10/30/2020
107,Sao Filipe,14.9,-24.5,80.51,66,19,11.5,CV,10/30/2020
108,Arraial Do Cabo,-22.97,-42.03,73.72,95,100,13.47,BR,10/30/2020
109,Tiksi,71.69,128.87,11.28,96,99,5.08,RU,10/30/2020
110,Tezu,27.92,96.17,88.74,27,22,2.55,IN,10/30/2020
111,Gat,31.61,34.76,75.99,100,99,1.99,IL,10/30/2020
112,Pevek,69.7,170.31,21.9,97,100,15.26,RU,10/30/2020
113,Necochea,-38.55,-58.74,41.41,82,0,6.2,AR,10/30/2020
114,Bluff,-46.6,168.33,59,93,100,3,NZ,10/30/2020
115,Nemuro,43.32,145.57,46.4,75,75,12.75,JP,10/30/2020
116,Karratha,-20.74,116.85,90.1,39,69,17.36,AU,10/30/2020
117,Saldanha,-33.01,17.94,57.2,54,0,11.41,ZA,10/30/2020
118,Iqaluit,63.75,-68.51,3.54,93,31,9.86,CA,10/30/2020
119,Tuatapere,-46.13,167.68,59,93,100,3,NZ,10/30/2020
120,Longyearbyen,78.22,15.64,19.4,62,20,10.29,SJ,10/30/2020
121,Esterhazy,50.65,-102.08,28.53,97,82,4.18,CA,10/30/2020
122,Presidencia Roque Saenz Pena,-26.79,-60.44,55.24,72,2,3.89,AR,10/30/2020
123,Agadir,30.42,-9.6,68,37,0,10.29,MA,10/30/2020
124,Portland,45.52,-122.68,50,93,20,3.36,US,10/30/2020
125,Bronnoysund,65.46,12.2,35.6,74,0,5.82,NO,10/30/2020
126,Placido De Castro,-10.34,-67.19,75.06,91,80,1.57,BR,10/30/2020
127,Olafsvik,64.89,-23.71,42.75,79,91,14.65,IS,10/30/2020
128,Ixtapa,20.7,-105.2,78.01,87,2,1.92,MX,10/30/2020
129,Bathsheba,13.22,-59.52,80.6,83,75,20.8,BB,10/30/2020
130,Kirksville,40.19,-92.58,32,95,1,4.7,US,10/30/2020
131,Cidreira,-30.18,-50.21,58.68,71,66,7.45,BR,10/30/2020
132,Aklavik,68.22,-135.01,6.1,91,13,8.52,CA,10/30/2020
133,Yulara,-25.24,130.99,84.2,7,0,12.75,AU,10/30/2020
134,Dolores,-36.31,-57.68,37.72,89,0,3.49,AR,10/30/2020
135,Kasongo-Lunda,-6.47,16.82,72.79,91,100,1.61,CD,10/30/2020
136,San Patricio,28.02,-97.52,57,62,20,9.17,US,10/30/2020
137,Mandali,33.75,45.55,81.55,14,48,3.29,IQ,10/30/2020
138,Santa Vitoria,-18.84,-50.12,72.54,88,95,1.63,BR,10/30/2020
139,Krasnovka,48.82,40.09,53.8,90,100,13.04,RU,10/30/2020
140,Jurm,36.86,70.83,55.81,23,0,2.17,AF,10/30/2020
141,Luanda,-8.84,13.23,75.2,94,75,5.82,AO,10/30/2020
142,Matay,28.42,30.78,72.75,64,35,21.12,EG,10/30/2020
143,Lata,40.16,-8.33,55.99,93,0,4.7,PT,10/30/2020
144,Mombetsu,44.35,143.35,50,87,75,29.97,JP,10/30/2020
145,Sitka,57.05,-135.33,35.6,93,40,4.7,US,10/30/2020
146,Comodoro Rivadavia,-45.87,-67.5,57.2,41,0,9.17,AR,10/30/2020
147,Sangueya,10.7,-14.37,71.92,86,2,2.48,GN,10/30/2020
148,Victoria,22.29,114.16,80.01,61,95,7.83,HK,10/30/2020
149,Ciudad Guayana,8.35,-62.65,79,85,94,1.99,VE,10/30/2020
150,Fortuna,40.6,-124.16,44.6,93,1,6.93,US,10/30/2020
151,Worthington,40.09,-83.02,46,93,90,11.41,US,10/30/2020
152,Lebu,-37.62,-73.65,50.95,82,16,14.94,CL,10/30/2020
153,Laje,-10.18,-40.97,69.91,83,98,8.1,BR,10/30/2020
154,San Cristobal,7.77,-72.22,65.23,89,92,2.42,VE,10/30/2020
155,Urumqi,43.8,87.6,46.4,52,0,2.24,CN,10/30/2020
156,Reconquista,-29.15,-59.65,51.75,72,0,7.87,AR,10/30/2020
157,Arkhipo-Osipovka,44.37,38.52,66.11,78,85,5.41,RU,10/30/2020
158,Akyab,20.15,92.9,86.56,64,100,6.06,MM,10/30/2020
159,Hirara,24.8,125.28,77,60,75,18.34,JP,10/30/2020
160,Poso,-1.4,120.75,88.3,55,22,4.76,ID,10/30/2020
161,Faanui,-16.48,-151.75,79.43,82,8,10.74,PF,10/30/2020
162,Wukari,7.85,9.78,74.41,86,11,3.36,NG,10/30/2020
163,Rena,61.13,11.36,33.8,91,0,1.41,NO,10/30/2020
164,Cabo San Lucas,22.89,-109.91,70,74,46,6.62,MX,10/30/2020
165,Angoche,-16.23,39.91,83.23,62,1,8.86,MZ,10/30/2020
166,Oyem,1.6,11.58,68.34,92,99,1.92,GA,10/30/2020
167,Margate,51.38,1.39,59,78,98,7,GB,10/30/2020
168,Jibuti,11.5,42.5,87.8,62,20,6.93,DJ,10/30/2020
169,Dikson,73.51,80.55,9.93,94,100,26.17,RU,10/30/2020
170,Hualmay,-11.1,-77.61,62.35,87,94,9.98,PE,10/30/2020
171,Kudymkar,59.02,54.66,32.58,92,68,8.7,RU,10/30/2020
172,Umm Kaddadah,13.6,26.69,82.53,25,2,20.42,SD,10/30/2020
173,Bosaso,11.28,49.18,84.63,64,11,6.78,SO,10/30/2020
174,Mugur-Aksy,50.35,90.5,20.55,84,100,7.45,RU,10/30/2020
175,Kariba,-16.52,28.8,85.39,34,7,8.43,ZW,10/30/2020
176,Westport,41.14,-73.36,44.6,93,90,17.22,US,10/30/2020
177,Tetouan,35.57,-5.37,57.2,93,40,3.36,MA,10/30/2020
178,Moerai,-22.43,-151.33,72.55,87,99,19.73,PF,10/30/2020
179,Haines Junction,60.75,-137.51,22.53,94,100,0.72,CA,10/30/2020
180,Nishihara,26.18,127.76,78.8,41,20,17.22,JP,10/30/2020
181,Ostrov,57.34,28.35,50,93,90,1.63,RU,10/30/2020
182,Shelburne,44.08,-80.2,34,89,100,10.92,CA,10/30/2020
183,Banjar,-8.19,114.97,88.57,57,71,5.57,ID,10/30/2020
184,Batticaloa,7.71,81.69,87.48,57,31,9.42,LK,10/30/2020
185,Boca Do Acre,-8.75,-67.4,74.97,84,61,1.07,BR,10/30/2020
186,Anqing,30.51,117.05,72.46,45,0,9.62,CN,10/30/2020
187,Kamaishi,39.27,141.88,51.8,57,40,4.7,JP,10/30/2020
188,Laramie,41.31,-105.59,28.4,74,1,10.29,US,10/30/2020
189,Port Lincoln,-34.73,135.87,57.85,74,65,20.42,AU,10/30/2020
190,Padang,-0.95,100.35,85.73,65,52,5.75,ID,10/30/2020
191,Moree,-29.47,149.85,93.2,10,50,12.75,AU,10/30/2020
192,Cap-Aux-Meules,47.38,-61.86,35.92,77,94,21.05,CA,10/30/2020
193,Asosa,10.07,34.53,71.74,78,55,0.65,ET,10/30/2020
194,Campbell River,50.02,-125.24,52,88,100,3,CA,10/30/2020
195,Buin,-33.73,-70.75,64,57,0,3.36,CL,10/30/2020
196,Chumikan,54.72,135.31,37.72,77,100,15.77,RU,10/30/2020
197,Bagan,54.1,77.66,35.98,94,100,12.08,RU,10/30/2020
198,Port Augusta,-32.5,137.77,62.6,72,40,24.16,AU,10/30/2020
199,Sao Joao Da Barra,-21.64,-41.05,74.43,93,100,7.81,BR,10/30/2020
200,Port Macquarie,-31.43,152.92,75,73,18,11.59,AU,10/30/2020
201,Niksar,40.59,36.95,51.8,71,0,4.74,TR,10/30/2020
202,Beringovskiy,63.05,179.32,25.29,80,0,2.33,RU,10/30/2020
203,Airai,-8.93,125.41,74.97,64,17,3.29,TL,10/30/2020
204,Avarua,-21.21,-159.78,73.4,78,100,5.82,CK,10/30/2020
205,La Rioja,42.25,-2.5,45,100,0,3.36,ES,10/30/2020
206,Yarada,17.65,83.27,86.77,43,67,8.9,IN,10/30/2020
207,Hamilton,39.18,-84.53,46,87,90,12.75,US,10/30/2020
208,Banda Aceh,5.56,95.32,86.14,61,94,9.62,ID,10/30/2020
209,Lavrentiya,65.58,-171,23.68,86,3,5.46,RU,10/30/2020
210,Gasa,31.5,34.47,75.99,100,93,1.21,PS,10/30/2020
211,Leh,34.17,77.58,34.54,59,18,4.5,IN,10/30/2020
212,Sao Jose Da Coroa Grande,-8.9,-35.15,76.5,85,57,11.61,BR,10/30/2020
213,East Stroudsburg,41,-75.18,45,94,100,1.01,US,10/30/2020
214,Barrow,71.29,-156.79,21.2,92,75,17.22,US,10/30/2020
215,Ribeira Grande,38.52,-28.7,67.69,85,52,12.08,PT,10/30/2020
216,Hastings,50.86,0.57,59,81,100,11.99,GB,10/30/2020
217,Narsaq,60.92,-46.05,28.4,86,79,5.82,GL,10/30/2020
218,Vachi,42.07,47.22,58.89,35,1,5.77,RU,10/30/2020
219,Naze,28.37,129.48,77,47,40,11.41,JP,10/30/2020
220,Shimoda,34.67,138.95,64.4,52,40,14.99,JP,10/30/2020
221,Kisangani,0.52,25.2,72.99,86,99,1.28,CD,10/30/2020
222,Tateyama,34.98,139.87,64.4,52,40,14.99,JP,10/30/2020
223,Ippy,6.27,21.22,70.02,97,100,4.81,CF,10/30/2020
224,Mecca,21.43,39.83,86.9,34,0,1.81,SA,10/30/2020
225,Mongu,-15.25,23.13,83.73,31,31,13.94,ZM,10/30/2020
226,Mount Gambier,-37.83,140.77,60.8,77,75,18.34,AU,10/30/2020
227,Marovoay,-16.1,46.63,87.8,40,20,12.75,MG,10/30/2020
228,Asau,46.43,26.4,48.99,86,100,2.68,RO,10/30/2020
229,Parabel,58.7,81.48,28.76,98,77,3.13,RU,10/30/2020
230,Talara,-4.58,-81.27,64.98,82,100,11.32,PE,10/30/2020
231,Ibra,22.69,58.53,85.44,13,4,4.97,OM,10/30/2020
232,Bam,29.11,58.36,74.32,17,0,6.26,IR,10/30/2020
233,Hofn,64.25,-15.21,44.96,89,100,17.98,IS,10/30/2020
234,Serik,36.92,31.1,69.8,73,75,4.7,TR,10/30/2020
235,Zaysan,47.47,84.87,36.43,78,89,6.31,KZ,10/30/2020
236,Vila Velha,-20.33,-40.29,77,88,40,5.82,BR,10/30/2020
237,Merauke,-8.47,140.33,84.16,68,28,12.62,ID,10/30/2020
238,Chulumani,-16.41,-67.53,61.97,82,94,1.16,BO,10/30/2020
239,Qurbus,36.82,10.57,66.2,82,40,6.93,TN,10/30/2020
240,Beirut,33.89,35.49,77,69,50,2.24,LB,10/30/2020
241,Davila,18.47,120.58,82.4,78,75,12.75,PH,10/30/2020
242,Wonthaggi,-38.6,145.59,66,81,23,14.52,AU,10/30/2020
243,Sinnamary,5.38,-52.95,80.55,83,65,12.26,GF,10/30/2020
244,Vardo,70.37,31.11,32,86,40,8.05,NO,10/30/2020
245,Nara,34.69,135.8,62.6,42,40,13.87,JP,10/30/2020
246,Alofi,-19.06,-169.92,73.4,73,53,16.11,NU,10/30/2020
247,Carnarvon,-24.87,113.63,78.8,65,0,19.46,AU,10/30/2020
248,Esperance,-33.87,121.9,82.4,20,88,11.41,AU,10/30/2020
249,Port Hardy,50.7,-127.42,51.49,90,100,18.7,CA,10/30/2020
250,Sept-Iles,50.2,-66.38,27,72,0,5.99,CA,10/30/2020
251,Alice Springs,-23.7,133.88,82.4,13,0,12.75,AU,10/30/2020
252,Svetlogorsk,52.63,29.73,46.76,95,85,4.27,BY,10/30/2020
253,Malumfashi,11.79,7.62,69.94,31,3,8.12,NG,10/30/2020
254,Rio Gallegos,-51.62,-69.22,48.2,76,90,8.05,AR,10/30/2020
255,Maniitsoq,65.42,-52.9,25.16,88,76,10.85,GL,10/30/2020
256,Sile,41.18,29.61,63,78,99,3,TR,10/30/2020
257,Poum,-20.23,164.02,78.13,71,91,9.44,NC,10/30/2020
258,Balykshi,47.07,51.87,44.6,52,0,22.37,KZ,10/30/2020
259,Tongzi,28.78,105.09,68.79,67,91,4.34,CN,10/30/2020
260,Cabedelo,-6.98,-34.83,75.2,88,40,2.24,BR,10/30/2020
261,Along,28.17,94.77,86.38,28,21,1.39,IN,10/30/2020
262,Ilulissat,69.22,-51.1,17.6,67,91,6.93,GL,10/30/2020
263,Shakawe,-18.37,21.85,84.94,31,81,3.13,BW,10/30/2020
264,Bilma,18.69,12.92,67.8,26,0,11.52,NE,10/30/2020
265,Salekhard,66.53,66.6,33.53,93,96,12.35,RU,10/30/2020
266,Camacha,33.08,-16.33,68,77,20,6.93,PT,10/30/2020
267,Batagay-Alyta,67.8,130.41,5.23,93,100,2.13,RU,10/30/2020
268,Bulgan,48.81,103.53,38.07,68,100,15.97,MN,10/30/2020
269,America Dourada,-11.46,-41.44,70.48,82,62,8.41,BR,10/30/2020
270,Laguna,38.42,-121.42,55.4,66,1,2.53,US,10/30/2020
271,Port Elizabeth,-33.92,25.57,60.8,67,75,11.41,ZA,10/30/2020
272,Klaksvik,62.23,-6.59,50,100,100,17.22,FO,10/30/2020
273,Sangar,63.92,127.47,-3.64,89,12,0.65,RU,10/30/2020
274,Mehamn,71.04,27.85,33.8,80,40,13.87,NO,10/30/2020
275,Bure,10.7,37.07,64.29,67,56,2.17,ET,10/30/2020
276,Nizwa,22.93,57.53,85.15,12,0,2.39,OM,10/30/2020
277,Barreirinhas,-2.75,-42.83,77.56,79,93,7.38,BR,10/30/2020
278,Clyde River,70.47,-68.59,21.11,95,100,6.02,CA,10/30/2020
279,Ayorou,14.73,0.92,77.45,19,0,5.28,NE,10/30/2020
280,Saint George,37.1,-113.58,55.4,22,1,2.82,US,10/30/2020
281,Esqueda,30.72,-109.58,50.49,47,0,5.12,MX,10/30/2020
282,Cabanas,22.98,-82.92,75.2,100,75,8.05,CU,10/30/2020
283,Luderitz,-26.65,15.16,59.59,60,0,27.6,NA,10/30/2020
284,Prince Rupert,54.32,-130.32,39.96,90,100,12.1,CA,10/30/2020
285,Yerbogachen,61.28,108.01,16.86,93,100,4.92,RU,10/30/2020
286,Lamu,-2.27,40.9,84.2,74,1,10.29,KE,10/30/2020
287,Atambua,-9.11,124.89,86.25,55,19,3.24,ID,10/30/2020
288,Kuytun,54.34,101.5,30.4,84,80,3.09,RU,10/30/2020
289,Saint-Augustin,51.23,-58.65,26.24,85,37,15.64,CA,10/30/2020
290,Chicama,-7.84,-79.15,63.32,82,100,6.22,PE,10/30/2020
291,Punta Alta,-38.88,-62.07,49.84,46,0,7.65,AR,10/30/2020
292,Areka,7.07,37.7,67.35,44,20,5.66,ET,10/30/2020
293,Dhanera,24.52,72.02,88.95,19,0,5.91,IN,10/30/2020
294,Faya,18.39,42.45,66.2,27,0,2.17,SA,10/30/2020
295,Upernavik,72.79,-56.15,25.47,93,100,6.22,GL,10/30/2020
296,Matara,5.95,80.54,87.94,57,88,8.88,LK,10/30/2020
297,Kudahuvadhoo,2.67,72.89,82.98,75,19,11.83,MV,10/30/2020
298,Coquimbo,-29.95,-71.34,53.6,93,0,1.12,CL,10/30/2020
299,Port Keats,-14.25,129.55,88.97,52,30,10.4,AU,10/30/2020
300,Buraydah,26.33,43.98,68,32,0,5.82,SA,10/30/2020
301,Caratinga,-19.79,-42.14,69.87,94,100,2.84,BR,10/30/2020
302,Teslic,44.61,17.86,48.2,100,90,4.7,BA,10/30/2020
303,Ngama,11.78,17.17,84.27,25,33,6.04,TD,10/30/2020
304,Ahipara,-35.17,173.17,63.75,78,100,9.64,NZ,10/30/2020
305,Trincomalee,8.57,81.23,85.26,68,60,12.71,LK,10/30/2020
306,Flinders,-34.58,150.86,66,80,80,7.54,AU,10/30/2020
307,Severo-Kurilsk,50.68,156.12,43.27,83,86,15.97,RU,10/30/2020
308,Marshall,34.38,-86.33,51.01,87,90,5.82,US,10/30/2020
309,Boyolangu,-8.12,111.89,87.76,61,49,7.36,ID,10/30/2020
310,Sompeta,18.93,84.6,85.53,50,53,10.18,IN,10/30/2020
311,Kargasok,59.06,80.86,28.58,97,79,2.26,RU,10/30/2020
312,Mount Isa,-20.73,139.5,98.6,7,0,11.41,AU,10/30/2020
313,Mar Del Plata,-38,-57.56,46,100,0,3.36,AR,10/30/2020
314,Mutis,6.23,-77.4,76.73,84,29,4.7,CO,10/30/2020
315,Ivolginsk,51.75,107.28,32,72,40,2.24,RU,10/30/2020
316,Kloulklubed,7.04,134.26,82.4,78,75,6.93,PW,10/30/2020
317,Richards Bay,-28.78,32.04,73.06,80,89,14.03,ZA,10/30/2020
318,Benjamin Constant,-4.38,-70.03,77,100,75,4.7,BR,10/30/2020
319,Lorengau,-2.02,147.27,86.25,64,70,5.88,PG,10/30/2020
320,Bonavista,48.65,-53.11,37.99,81,24,8.99,CA,10/30/2020
321,Novokizhinginsk,51.61,109.59,36.03,81,100,3.6,RU,10/30/2020
322,Ust-Nera,64.57,143.2,8.06,88,100,2.42,RU,10/30/2020
323,Katsuura,35.13,140.3,63,42,97,4,JP,10/30/2020
324,Kodiak,57.79,-152.41,28.4,79,1,6.93,US,10/30/2020
325,Marfino,55.7,37.38,41,70,90,6.71,RU,10/30/2020
326,Birao,10.28,22.79,77.72,51,26,3.47,CF,10/30/2020
327,Mayo,38.89,-76.51,53.01,92,90,6.93,US,10/30/2020
328,Vilyuysk,63.76,121.62,-0.4,90,32,2.48,RU,10/30/2020
329,Adrar,20.5,-10.07,77.18,18,100,7.76,MR,10/30/2020
330,Alta Floresta,-9.88,-56.09,72.03,95,97,3.11,BR,10/30/2020
331,Praia Da Vitoria,38.73,-27.07,69.8,83,40,7.54,PT,10/30/2020
332,Waipawa,-41.41,175.52,62.6,88,20,19.46,NZ,10/30/2020
333,Souillac,-20.52,57.52,75.99,49,14,15.99,MU,10/30/2020
334,Buala,-8.14,159.59,78.37,84,100,2.24,SB,10/30/2020
335,Paka,4.64,103.44,85.46,70,62,6.44,MY,10/30/2020
336,Vestmannaeyjar,63.44,-20.27,44.51,77,100,13.73,IS,10/30/2020
337,Gazojak,41.19,61.4,53.28,38,0,14.2,TM,10/30/2020
338,Nantucket,41.28,-70.1,48.99,87,90,26.4,US,10/30/2020
339,Zyryanovsk,49.74,84.27,31.93,98,100,1.95,KZ,10/30/2020
340,Pacific Grove,36.62,-121.92,54,81,1,4.7,US,10/30/2020
341,Amuntai,-2.42,115.25,95.05,46,43,4.99,ID,10/30/2020
342,Jelenia Gora,50.9,15.73,39.99,99,100,28.99,PL,10/30/2020
343,Lagoa,39.05,-27.98,66.94,87,65,11.05,PT,10/30/2020
344,Belaya Kholunitsa,58.84,50.85,32.07,93,20,8.21,RU,10/30/2020
345,Koutiala,12.39,-5.46,71.91,25,2,3.69,ML,10/30/2020
346,Nikolskoye,59.7,30.79,48.99,93,90,4.47,RU,10/30/2020
347,Evensk,61.95,159.23,22.91,96,94,6.35,RU,10/30/2020
348,Natchez,31.56,-91.4,51.8,81,90,8.05,US,10/30/2020
349,Ostrovnoy,68.05,39.51,36.09,90,100,16.49,RU,10/30/2020
350,Talnakh,69.49,88.4,4.21,88,88,10.09,RU,10/30/2020
351,Burbach,50.75,8.08,52,94,100,11.45,DE,10/30/2020
352,Geraldton,-28.77,114.6,89.6,33,0,13.87,AU,10/30/2020
353,Sarh,9.14,18.39,75.2,83,0,4.7,TD,10/30/2020
354,Balclutha,-46.23,169.75,61,86,100,1.99,NZ,10/30/2020
355,Kuching,1.55,110.33,87.8,66,40,9.17,MY,10/30/2020
356,Ulaangom,49.98,92.07,33.93,73,97,4.18,MN,10/30/2020
357,Havoysund,71,24.66,35.6,80,75,9.17,NO,10/30/2020
358,Lompoc,34.64,-120.46,55.4,93,20,6.49,US,10/30/2020
359,Manbij,36.53,37.95,60.8,55,0,6.38,SY,10/30/2020
360,Thompson,55.74,-97.86,19.2,96,93,8.63,CA,10/30/2020
361,Sawtell,-30.38,153.1,75.2,73,0,18.34,AU,10/30/2020
362,Dingle,11,122.67,79.79,86,100,4.52,PH,10/30/2020
363,Accra,5.56,-0.2,78.8,94,20,2.24,GH,10/30/2020
364,Salalah,17.02,54.09,86,42,0,2.24,OM,10/30/2020
365,Kamenka,51.32,42.77,45,79,100,1.01,RU,10/30/2020
366,Santo Antonio Do Leverger,-15.87,-56.08,75.2,88,75,4.7,BR,10/30/2020
367,Itupiranga,-5.13,-49.33,78.8,88,75,6.93,BR,10/30/2020
368,Yarensk,62.17,49.09,40.66,94,100,8.86,RU,10/30/2020
369,Kendari,-3.94,122.5,84.56,69,37,7.92,ID,10/30/2020
370,Cepu,-7.15,111.59,89.92,54,96,9.95,ID,10/30/2020
371,Beira,-19.84,34.84,81.45,65,7,2.64,MZ,10/30/2020
372,Sur,22.57,59.53,82.65,47,0,10.49,OM,10/30/2020
373,Murray Bridge,-35.12,139.27,57.99,86,25,5.01,AU,10/30/2020
374,Liepaja,56.54,21.04,46.4,100,44,6.93,LV,10/30/2020
375,Visby,57.64,18.3,50,100,75,4.7,SE,10/30/2020
376,Sambava,-14.27,50.17,76.77,77,30,16.22,MG,10/30/2020
377,Muros,42.78,-9.06,46.99,94,1,9.62,ES,10/30/2020
378,Berlevag,70.86,29.09,37.4,69,40,27.51,NO,10/30/2020
379,George,-33.96,22.46,57.2,54,20,10.29,ZA,10/30/2020
380,Marawi,8,124.29,82,82,92,4,PH,10/30/2020
381,Broken Hill,-31.95,141.43,60.8,67,90,18.34,AU,10/30/2020
382,Wakkanai,45.41,141.67,48.2,76,75,21.92,JP,10/30/2020
383,Oga,46.46,10.35,39.99,73,90,2.24,IT,10/30/2020
384,Atar,20.52,-13.05,76.57,26,68,7.58,MR,10/30/2020
385,Vanavara,60.34,102.28,18.95,93,100,6.31,RU,10/30/2020
386,Robertsport,6.75,-11.37,79.39,79,95,6.67,LR,10/30/2020
387,Flin Flon,54.77,-101.86,19.67,97,75,6.04,CA,10/30/2020
388,Stornoway,58.21,-6.39,48.2,81,75,17.22,GB,10/30/2020
389,Gamba,-2.65,10,76.23,89,77,1.07,GA,10/30/2020
390,Salta,-24.79,-65.41,55.4,66,90,2.24,AR,10/30/2020
391,Lasa,46.62,10.7,43,86,75,5.82,IT,10/30/2020
392,Fairbanks,64.84,-147.72,14,85,90,3.36,US,10/30/2020
393,Labuan,5.28,115.24,86,70,20,6.93,MY,10/30/2020
394,North Bend,43.41,-124.22,51.8,100,90,4.7,US,10/30/2020
395,Bubaque,11.28,-15.83,83.57,68,25,8.5,GW,10/30/2020
396,Celestun,20.87,-90.4,77.86,87,56,18.54,MX,10/30/2020
397,Aktau,43.65,51.2,53.6,32,0,22.37,KZ,10/30/2020
398,Nanpiao,41.1,120.75,61.97,30,0,8.23,CN,10/30/2020
399,Terrace,54.52,-128.6,38.25,84,100,4.47,CA,10/30/2020
400,Tres Arroyos,-38.37,-60.28,38.7,75,0,7.58,AR,10/30/2020
401,Great Yarmouth,52.61,1.73,57.99,99,100,5.01,GB,10/30/2020
402,Wuda,39.5,106.71,56.16,38,35,19.06,CN,10/30/2020
403,Challans,46.84,-1.87,59,82,90,6.93,FR,10/30/2020
404,Ponta Delgada,37.73,-25.67,66.2,88,75,4.7,PT,10/30/2020
405,Mackenzie,55.3,-123.17,31.78,97,100,2.21,CA,10/30/2020
406,Mandan,46.83,-100.89,33.8,100,90,4.7,US,10/30/2020
407,Vega De Alatorre,20.03,-96.63,71.02,68,90,13.2,MX,10/30/2020
408,Tual,-5.67,132.75,83.88,67,1,9.35,ID,10/30/2020
409,Angoram,-4.06,144.07,83.97,75,94,4.88,PG,10/30/2020
410,Port Blair,11.67,92.75,84.78,72,76,9.98,IN,10/30/2020
411,Fukue,32.69,128.84,68,60,40,20.8,JP,10/30/2020
412,Port Hedland,-20.32,118.57,98.6,35,19,16.11,AU,10/30/2020
413,Witu,-2.39,40.44,84.2,74,1,10.29,KE,10/30/2020
414,Maceio,-9.67,-35.74,73.4,100,75,6.93,BR,10/30/2020
415,Labuhan,-6.88,112.21,83.66,72,100,13.15,ID,10/30/2020
416,Woodward,36.43,-99.39,35.6,84,1,10.29,US,10/30/2020
417,Pangnirtung,66.15,-65.71,6.17,82,54,3.22,CA,10/30/2020
418,Inyonga,-6.72,32.07,71.82,53,100,6.71,TZ,10/30/2020
419,Drumheller,51.46,-112.71,37,52,97,7.56,CA,10/30/2020
420,Tarbagatay,51.48,107.36,32,77,40,2.24,RU,10/30/2020
421,San Ramon,37.78,-121.98,57.99,46,1,2.3,US,10/30/2020
422,Vanimo,-2.67,141.3,80.2,77,100,6.11,PG,10/30/2020
423,Ondjiva,-17.07,15.73,76.87,51,33,6.58,AO,10/30/2020
424,Zeya,53.75,127.27,34.05,85,100,5.28,RU,10/30/2020
425,Xucheng,20.35,110.13,78.8,78,75,15.66,CN,10/30/2020
426,Kolyvan,55.31,82.74,33.8,100,90,11.18,RU,10/30/2020
427,Solikamsk,59.62,56.77,32.61,94,62,8.57,RU,10/30/2020
428,Pandan,14.05,124.17,82.36,84,97,13.85,PH,10/30/2020
429,Vila Franca Do Campo,37.72,-25.43,66.2,88,75,4.7,PT,10/30/2020
430,Agropoli,40.35,15,57,84,100,3,IT,10/30/2020
431,Zhuhai,22.28,113.57,80.6,69,40,12.75,CN,10/30/2020
432,Ponta Do Sol,32.67,-17.1,68,72,20,10.29,PT,10/30/2020
433,Tandalti,13.02,31.87,89.24,17,0,9.98,SD,10/30/2020
434,Anadyr,64.75,177.48,5,92,0,4.47,RU,10/30/2020
435,Constitucion,-35.33,-72.42,55.54,73,0,3.31,CL,10/30/2020
436,Yenagoa,4.92,6.26,76.08,92,99,0.72,NG,10/30/2020
437,Leeton,-34.57,146.4,71.6,35,40,26.4,AU,10/30/2020
438,Palana,59.12,159.97,31.39,99,93,9.6,RU,10/30/2020
439,Hasaki,35.73,140.83,62.01,51,75,6.93,JP,10/30/2020
440,Eureka,40.8,-124.16,44.6,86,1,1.72,US,10/30/2020
441,Oshnaviyeh,37.04,45.1,59,38,40,4.7,IR,10/30/2020
442,Moundou,8.57,16.08,74.08,65,91,3.96,TD,10/30/2020
443,Los Llanos De Aridane,28.66,-17.92,71.6,78,75,14.99,ES,10/30/2020
444,Rafaela,-31.25,-61.49,51.01,57,0,3,AR,10/30/2020
445,Castle Rock,39.37,-104.86,42.01,62,0,1.01,US,10/30/2020
446,Malakal,9.53,31.66,77.07,76,92,5.5,SS,10/30/2020
447,Bougouni,11.42,-7.48,68.58,42,71,1.74,ML,10/30/2020
448,Digha,21.68,87.55,84,62,95,11.59,IN,10/30/2020
449,Plettenberg Bay,-34.05,23.37,58.12,55,77,7.56,ZA,10/30/2020
450,Pauini,-7.71,-66.98,77.13,82,99,0.85,BR,10/30/2020
451,Acapulco,16.86,-99.89,78.64,85,100,7.07,MX,10/30/2020
452,Klaebu,63.3,10.48,39.99,100,20,8.05,NO,10/30/2020
453,Oyek,52.59,104.46,33.8,100,90,15.66,RU,10/30/2020
454,Nieuw Nickerie,5.95,-56.98,80.91,87,100,15.48,SR,10/30/2020
455,Okhotsk,59.38,143.3,29.3,91,97,13.51,RU,10/30/2020
456,Walvis Bay,-22.96,14.51,55.99,87,18,8.05,NA,10/30/2020
457,Beyneu,45.32,55.2,52.23,41,28,24.18,KZ,10/30/2020
458,Puerto Colombia,10.99,-74.95,77,94,75,3.36,CO,10/30/2020
459,Dajabon,19.55,-71.71,74.73,83,37,1.81,DO,10/30/2020
460,Grand Gaube,-20.01,57.66,75.99,49,0,15.99,MU,10/30/2020
461,Cockburn Town,21.46,-71.14,82.83,75,0,14.16,TC,10/30/2020
462,Borger,52.92,6.79,57,92,100,11.01,NL,10/30/2020
463,Mareeba,-17,145.43,88,41,3,7,AU,10/30/2020
464,Cumra,37.57,32.77,51.8,57,0,5.1,TR,10/30/2020
465,Huarmey,-10.07,-78.15,62.67,87,91,10.04,PE,10/30/2020
466,Cabra,37.47,-4.44,57.99,87,0,2.3,ES,10/30/2020
467,Changping,40.22,116.22,66.99,30,0,8.95,CN,10/30/2020
468,Phangnga,8.45,98.53,86,83,40,6.93,TH,10/30/2020
469,New Braunfels,29.7,-98.12,50,72,0,5.01,US,10/30/2020
470,Aksay,47.26,39.87,53.6,100,75,15.66,RU,10/30/2020
471,Santa Cruz,-17.8,-63.17,71.6,56,75,25.28,BO,10/30/2020
472,Valparaiso,-33.04,-71.63,44.6,93,0,4.7,CL,10/30/2020
473,Panama City,8.99,-79.52,75.2,94,95,3.36,PA,10/30/2020
474,Codrington,-38.27,141.97,58.23,87,71,18.23,AU,10/30/2020
475,Kibondo,-3.59,30.72,67.89,79,98,7.02,TZ,10/30/2020
476,King City,36.21,-121.13,53.01,36,0,1.01,US,10/30/2020
477,Champasak,14.75,106,89.6,59,40,4.7,LA,10/30/2020
478,Jalu,29.03,21.55,63.21,80,0,8.1,LY,10/30/2020
479,Karasburg,-28.02,18.75,56.14,46,0,9.62,NA,10/30/2020
480,Vung Tau,10.35,107.08,83.62,71,69,6.58,VN,10/30/2020
481,Novyy Urgal,51.07,132.56,36.63,77,100,3.56,RU,10/30/2020
482,Kaoma,-14.78,24.8,80.55,36,5,11.18,ZM,10/30/2020
483,Macara,-4.38,-79.95,67.59,65,100,0.96,EC,10/30/2020
484,Vostok,46.49,135.88,32.68,98,99,3.15,RU,10/30/2020
485,Ambilobe,-13.2,49.05,89.01,36,0,12.59,MG,10/30/2020
486,Plenita,44.22,23.18,52,93,40,11.41,RO,10/30/2020
487,Albion,42.24,-84.75,37.4,95,90,5.82,US,10/30/2020
488,Bang Sai,14.21,100.5,84.99,74,40,4.7,TH,10/30/2020
489,Coos Bay,43.37,-124.22,51.8,100,90,4.7,US,10/30/2020
490,Lyuban,52.8,28,46.72,91,86,5.08,BY,10/30/2020
491,Olot,42.18,2.49,50,100,10,4.14,ES,10/30/2020
492,Kirkwood,38.58,-90.41,39,74,1,4.7,US,10/30/2020
493,Iralaya,15,-83.23,80.02,83,95,4.47,HN,10/30/2020
494,Kawalu,-7.38,108.21,83.89,70,78,4.21,ID,10/30/2020
495,Filadelfia,39.95,-75.16,48.2,93,90,12.75,US,10/30/2020
496,Kaohsiung,22.62,120.31,86,65,75,10.29,TW,10/30/2020
497,Bambous Virieux,-20.34,57.76,75.99,49,11,15.99,MU,10/30/2020
498,Havelock,34.88,-76.9,79,88,90,25.28,US,10/30/2020
499,Northam,51.03,-4.22,57.99,97,100,8.01,GB,10/30/2020
500,Khabary,53.63,79.53,34.66,98,100,11.39,RU,10/30/2020
501,Leningradskiy,69.38,178.42,16.32,87,41,16.93,RU,10/30/2020
502,Broome,42.25,-75.83,39,93,90,9.17,US,10/30/2020
503,Adwa,14.16,38.9,68.99,29,0,8.19,ET,10/30/2020
504,Kyabe,9.45,18.94,75.49,79,49,4.85,TD,10/30/2020
505,Guaruja,-23.99,-46.26,73,26,100,9.55,BR,10/30/2020
506,Rochegda,62.8,43.25,44.78,92,100,8.75,RU,10/30/2020
507,Teguise,29.06,-13.56,71.6,56,0,9.17,ES,10/30/2020
508,Aginskoye,51.1,114.53,38.1,73,100,3.85,RU,10/30/2020
509,Iracoubo,5.48,-53.2,81.46,81,70,12.95,GF,10/30/2020
510,Zhezkazgan,47.8,67.71,45.41,48,0,3.4,KZ,10/30/2020
511,Ancud,-41.87,-73.82,46.99,87,0,12.75,CL,10/30/2020
512,Sao Gabriel Da Cachoeira,-0.13,-67.09,74.17,95,22,0.72,BR,10/30/2020
513,Coihaique,-45.58,-72.07,39.2,86,0,4.34,CL,10/30/2020
514,Hay River,60.82,-115.8,19.15,95,100,6.08,CA,10/30/2020
515,Yanam,16.73,82.22,92.01,40,77,1.79,IN,10/30/2020
516,Nogales,31.31,-110.94,59,28,1,8.05,MX,10/30/2020
517,Pisco,-13.7,-76.22,62.01,87,75,13.87,PE,10/30/2020
518,Saint-Pierre,-21.34,55.48,77,50,40,28.86,RE,10/30/2020
519,Salinas,36.68,-121.66,55,93,90,3.36,US,10/30/2020
520,Igrim,63.19,64.42,37.87,93,66,9.71,RU,10/30/2020
521,Hami,42.8,93.45,51.35,39,4,3.65,CN,10/30/2020
522,Lima,-12.04,-77.03,61,82,40,11.41,PE,10/30/2020
523,Uruzgan,32.83,66,58.91,18,0,1.03,AF,10/30/2020
524,Matadi,-5.82,13.45,75.99,88,99,4.36,CD,10/30/2020
525,Maryville,35.76,-83.97,55.99,76,90,11.41,US,10/30/2020
526,Henties Bay,-22.12,14.28,55.99,92,28,10.92,NA,10/30/2020
527,Naryan-Mar,67.67,53.09,39.51,89,99,16.73,RU,10/30/2020
528,Thai Nguyen,21.59,105.84,69.8,88,90,4.7,VN,10/30/2020
529,Shu,43.6,73.76,50.27,43,0,2.01,KZ,10/30/2020
530,Kefamenanu,-9.45,124.48,90.63,36,62,11.14,ID,10/30/2020
531,Kharan,28.58,65.42,65.91,25,0,3.89,PK,10/30/2020
532,Talcahuano,-36.72,-73.12,50,93,2,2.24,CL,10/30/2020
533,Bilibino,68.05,166.44,1.71,82,81,2.08,RU,10/30/2020
534,Caravelas,-17.71,-39.25,75.51,87,100,8.39,BR,10/30/2020
535,Namibe,-15.2,12.15,69.85,74,1,5.14,AO,10/30/2020
536,Bedong,5.73,100.51,89.6,62,20,9.17,MY,10/30/2020
537,Nenagh,52.86,-8.2,48.99,92,98,4,IE,10/30/2020
538,Kushmurun,52.45,64.63,37.18,77,43,4.88,KZ,10/30/2020
539,Saint-Francois,46.42,3.91,50,93,0,3.36,FR,10/30/2020
540,Pangody,65.85,74.49,14.72,96,96,11.03,RU,10/30/2020
541,Grants Pass,42.44,-123.33,62.6,65,1,0.78,US,10/30/2020
542,Camabatela,-8.19,15.38,64.74,100,96,4.47,AO,10/30/2020
543,Crossville,35.95,-85.03,48,93,90,6.93,US,10/30/2020
544,Khovu-Aksy,51.13,93.6,26.33,86,95,5.08,RU,10/30/2020
545,Waitati,-45.75,170.57,63,76,100,6.78,NZ,10/30/2020
546,Srednekolymsk,67.45,153.68,4.42,94,100,1.77,RU,10/30/2020
547,Yaan,7.38,8.57,73.44,94,17,5.5,NG,10/30/2020
548,Balkhash,46.84,74.98,42.8,41,0,11.18,KZ,10/30/2020
549,Porto Novo,6.5,2.6,77,88,20,1.12,BJ,10/30/2020
550,Ampanihy,-24.7,44.75,82.83,39,0,8.05,MG,10/30/2020
551,Koumac,-20.57,164.28,78.64,65,79,8.41,NC,10/30/2020
552,Pangkalanbuun,-2.68,111.62,96.55,43,7,2.39,ID,10/30/2020
553,Maragogi,-9.01,-35.22,76.15,86,60,11.36,BR,10/30/2020
554,Najran,17.49,44.13,75.2,22,0,2.24,SA,10/30/2020
555,Kizukuri,40.81,140.39,55,87,75,11.41,JP,10/30/2020
