City_ID,City,Country,Date,Lat,Lng,Max Temp,Humidity,Cloudiness,Wind Speed
0,Tocopilla,CL,2020-10-31 20:46:02,-22.09,-70.2,67.78,49,20,7.14
1,Nabire,ID,2020-10-31 20:46:02,-3.37,135.48,76.26,88,97,2.84
2,Barrow,US,2020-10-31 20:46:02,71.29,-156.79,24.8,68,75,10.29
3,Cidreira,BR,2020-10-31 20:46:02,-30.18,-50.21,65.1,68,60,9.71
4,Vaini,TO,2020-10-31 20:46:02,-21.2,-175.2,75.2,83,75,11.41
5,Cockburn Town,TC,2020-10-31 20:46:02,21.46,-71.14,86.0,66,40,11.41
6,Hilo,US,2020-10-31 20:43:13,19.73,-155.09,86.0,58,40,9.17
7,Valparaiso,CL,2020-10-31 20:46:02,-33.04,-71.63,59.0,100,90,4.7
8,Hasaki,JP,2020-10-31 20:46:02,35.73,140.83,42.8,93,40,2.24
9,Rikitea,PF,2020-10-31 20:46:02,-23.12,-134.97,75.47,68,0,6.04
10,Ushuaia,AR,2020-10-31 20:42:28,-54.8,-68.3,55.4,58,90,9.17
11,Bredasdorp,ZA,2020-10-31 20:46:03,-34.53,20.04,59.0,77,0,5.82
12,Lebu,CL,2020-10-31 20:46:03,-37.62,-73.65,58.46,71,0,9.17
13,Klaksvik,FO,2020-10-31 20:42:28,62.23,-6.59,48.2,100,90,8.05
14,Plettenberg Bay,ZA,2020-10-31 20:46:03,-34.05,23.37,57.88,83,4,5.26
15,Mataura,NZ,2020-10-31 20:46:04,-46.19,168.86,57.0,66,20,7.0
16,Punta Arenas,CL,2020-10-31 20:42:19,-53.15,-70.92,59.0,58,75,19.46
17,Yellowknife,CA,2020-10-31 20:46:04,62.46,-114.35,21.2,92,90,16.11
18,New Norfolk,AU,2020-10-31 20:42:19,-42.78,147.06,53.01,70,25,1.81
19,Inuvik,CA,2020-10-31 20:46:04,68.35,-133.72,1.4,84,90,1.12
20,Chudovo,RU,2020-10-31 20:46:04,59.12,31.68,39.6,85,42,2.3
21,Busselton,AU,2020-10-31 20:45:40,-33.65,115.33,60.01,78,100,4.07
22,Luderitz,NA,2020-10-31 20:46:04,-26.65,15.16,66.29,42,28,21.61
23,Upernavik,GL,2020-10-31 20:42:27,72.79,-56.15,16.23,96,92,14.43
24,Talnakh,RU,2020-10-31 20:46:04,69.49,88.4,19.4,92,90,29.08
25,East London,ZA,2020-10-31 20:46:04,-33.02,27.91,64.8,72,100,10.63
26,Santa Rosa,PH,2020-10-31 20:46:04,14.31,121.11,78.8,78,75,3.36
27,Nome,US,2020-10-31 20:46:05,64.5,-165.41,12.2,85,1,7.67
28,Kapaa,US,2020-10-31 20:42:17,22.08,-159.32,82.99,65,1,8.05
29,Danielskuil,ZA,2020-10-31 20:46:05,-28.19,23.54,59.04,83,57,18.19
30,Satao,PT,2020-10-31 20:42:05,40.74,-7.73,61.0,91,96,1.66
31,Tilichiki,RU,2020-10-31 20:46:05,60.47,166.1,24.62,97,97,8.28
32,Narsaq,GL,2020-10-31 20:46:05,60.92,-46.05,23.0,73,40,1.03
33,Tura,IN,2020-10-31 20:46:05,25.52,90.22,71.58,95,100,0.98
34,Shingu,JP,2020-10-31 20:46:05,33.73,135.98,55.02,71,20,5.68
35,Vila Velha,BR,2020-10-31 20:46:05,-20.33,-40.29,71.6,94,90,8.05
36,Bluff,NZ,2020-10-31 20:46:06,-46.6,168.33,57.0,66,96,7.0
37,Qaanaaq,GL,2020-10-31 20:46:06,77.48,-69.36,8.53,83,83,6.02
38,Kodiak,US,2020-10-31 20:46:06,57.79,-152.41,35.6,47,1,10.29
39,Pevek,RU,2020-10-31 20:46:06,69.7,170.31,13.3,96,62,11.97
40,Victoria,HK,2020-10-31 20:46:06,22.29,114.16,73.0,78,93,3.0
41,Imbituba,BR,2020-10-31 20:46:06,-28.24,-48.67,66.2,68,75,3.36
42,Longyearbyen,SJ,2020-10-31 20:46:06,78.22,15.64,23.0,73,75,10.29
43,Sundsvall,SE,2020-10-31 20:46:06,62.39,17.31,42.8,93,95,1.12
44,Castro,BR,2020-10-31 20:42:18,-24.79,-50.01,57.78,83,84,8.23
45,Thompson,CA,2020-10-31 20:46:06,55.74,-97.86,19.4,67,75,17.22
46,Mahebourg,MU,2020-10-31 20:46:07,-20.41,57.7,66.2,82,40,5.82
47,Sarangani,PH,2020-10-31 20:42:28,5.4,125.46,80.64,82,100,15.66
48,Puerto Ayora,EC,2020-10-31 20:42:16,-0.74,-90.35,77.0,73,75,23.04
49,Bonavista,CA,2020-10-31 20:46:07,48.65,-53.11,35.01,85,100,5.82
50,Chuy,UY,2020-10-31 20:46:07,-33.7,-53.46,60.96,70,8,7.27
51,Yulara,AU,2020-10-31 20:46:07,-25.24,130.99,66.2,26,0,8.05
52,Abu Kamal,SY,2020-10-31 20:46:07,34.45,40.92,65.43,25,0,7.2
53,Mantua,IT,2020-10-31 20:46:08,45.17,10.78,53.01,97,100,4.0
54,Paamiut,GL,2020-10-31 20:45:29,61.99,-49.67,27.7,89,73,10.56
55,Cape Town,ZA,2020-10-31 20:46:08,-33.93,18.42,62.01,59,0,14.99
56,Carnarvon,AU,2020-10-31 20:42:18,-24.87,113.63,69.8,83,75,12.75
57,Hobart,AU,2020-10-31 20:42:41,-42.88,147.33,55.0,76,40,4.7
58,Maniitsoq,GL,2020-10-31 20:46:08,65.42,-52.9,21.99,86,100,5.66
59,Albany,US,2020-10-31 20:46:00,42.6,-73.97,43.0,71,0,7.47
60,Fortuna,US,2020-10-31 20:43:00,40.6,-124.16,64.0,63,20,9.17
61,Nautanwa,IN,2020-10-31 20:46:08,27.43,83.42,69.82,67,55,1.95
62,Hermanus,ZA,2020-10-31 20:42:17,-34.42,19.23,57.0,77,0,7.0
63,Coello,CO,2020-10-31 20:46:08,4.29,-74.9,87.89,56,59,3.91
64,Tuktoyaktuk,CA,2020-10-31 20:46:08,69.45,-133.04,-2.2,84,40,4.7
65,Avarua,CK,2020-10-31 20:46:09,-21.21,-159.78,75.2,83,98,11.41
66,Saskylakh,RU,2020-10-31 20:46:09,71.92,114.08,-5.04,85,1,7.25
67,Lulea,SE,2020-10-31 20:46:09,65.58,22.15,35.6,100,100,8.41
68,Atar,MR,2020-10-31 20:46:09,20.52,-13.05,87.46,14,0,9.31
69,Cabo San Lucas,MX,2020-10-31 20:41:39,22.89,-109.91,86.0,61,20,12.75
70,Domoni,KM,2020-10-31 20:46:09,-12.26,44.53,75.22,83,100,6.96
71,Muroto,JP,2020-10-31 20:46:09,33.28,134.15,66.85,64,76,9.75
72,Brookhaven,US,2020-10-31 20:44:19,31.58,-90.44,72.0,55,0,1.95
73,Kurya,RU,2020-10-31 20:46:10,51.6,82.29,28.08,95,2,4.25
74,Goulburn,AU,2020-10-31 20:46:10,-34.75,149.72,54.0,94,88,11.5
75,Chapais,CA,2020-10-31 20:46:10,49.78,-74.85,30.2,54,1,13.87
76,Atuona,PF,2020-10-31 20:46:10,-9.8,-139.03,78.69,73,15,17.22
77,Rio Brilhante,BR,2020-10-31 20:46:10,-21.8,-54.55,77.74,66,48,5.88
78,Pangnirtung,CA,2020-10-31 20:46:10,66.15,-65.71,13.42,79,100,4.9
79,Tabou,CI,2020-10-31 20:46:10,4.42,-7.35,78.31,87,100,5.68
80,Hami,CN,2020-10-31 20:46:10,42.8,93.45,36.72,68,0,6.17
81,Dingle,PH,2020-10-31 20:46:10,11.0,122.67,75.52,84,100,2.77
82,Turayf,SA,2020-10-31 20:46:11,31.67,38.66,62.6,21,0,11.41
83,Jamestown,US,2020-10-31 20:46:11,42.1,-79.24,45.0,60,1,11.41
84,Mehamn,NO,2020-10-31 20:46:11,71.04,27.85,37.09,85,100,13.42
85,Porto Novo,BJ,2020-10-31 20:46:11,6.5,2.6,82.4,83,40,11.41
86,Hastings,GB,2020-10-31 20:46:11,50.86,0.57,55.4,76,100,13.87
87,Kaisiadorys,LT,2020-10-31 20:46:11,54.87,24.45,46.4,93,90,2.24
88,Shibetsu,JP,2020-10-31 20:46:11,43.66,145.13,43.47,81,99,7.87
89,Teguldet,RU,2020-10-31 20:46:11,57.31,88.17,32.83,96,100,8.81
90,Port Lincoln,AU,2020-10-31 20:46:11,-34.73,135.87,55.45,84,3,12.75
91,Zhigansk,RU,2020-10-31 20:46:12,66.77,123.37,-2.54,92,100,2.95
92,Atikokan,CA,2020-10-31 20:46:12,48.76,-91.62,38.07,82,100,15.32
93,Yar-Sale,RU,2020-10-31 20:46:12,66.83,70.83,25.48,96,24,11.23
94,Walvis Bay,NA,2020-10-31 20:46:12,-22.96,14.51,57.2,76,0,4.7
95,Iqaluit,CA,2020-10-31 20:46:12,63.75,-68.51,19.4,73,75,16.11
96,Port Elizabeth,ZA,2020-10-31 20:46:12,-33.92,25.57,61.0,83,68,1.01
97,Nouadhibou,MR,2020-10-31 20:46:12,20.93,-17.03,66.2,93,75,17.22
98,Norman Wells,CA,2020-10-31 20:42:08,65.28,-126.83,5.0,77,20,5.82
99,Twentynine Palms,US,2020-10-31 20:46:12,34.14,-116.05,82.4,8,40,3.36
100,Kalakamati,BW,2020-10-31 20:46:12,-20.59,27.31,72.45,35,0,17.09
101,Yumen,CN,2020-10-31 20:46:12,40.28,97.2,34.5,71,0,14.2
102,Kayes,ML,2020-10-31 20:46:13,14.0,-11.0,85.12,20,98,3.33
103,Alappuzha,IN,2020-10-31 20:46:13,9.49,76.33,78.8,80,100,3.24
104,Iberia,US,2020-10-31 20:46:13,29.95,-91.75,71.6,43,1,5.82
105,Micco,US,2020-10-31 20:46:13,27.88,-80.5,81.0,78,23,14.72
106,Beidao,CN,2020-10-31 20:46:13,34.57,105.89,43.93,58,24,1.81
107,Havre-Saint-Pierre,CA,2020-10-31 20:44:05,50.23,-63.6,30.2,63,1,21.92
108,Portland,US,2020-10-31 20:41:56,45.52,-122.68,57.0,62,40,8.05
109,Kavieng,PG,2020-10-31 20:46:13,-2.57,150.8,83.61,75,3,11.05
110,Abaete,BR,2020-10-31 20:42:28,-19.16,-45.45,71.42,83,97,7.07
111,Carutapera,BR,2020-10-31 20:46:13,-1.2,-46.02,80.44,75,21,7.76
112,San Felipe,VE,2020-10-31 20:46:14,10.34,-68.74,80.06,88,100,3.49
113,Kandrian,PG,2020-10-31 20:46:14,-6.22,149.55,79.34,80,66,3.11
114,Palmas Bellas,PA,2020-10-31 20:46:14,9.23,-80.09,81.0,81,100,7.0
115,Tupik,RU,2020-10-31 20:46:14,54.43,119.93,15.03,92,100,5.75
116,Komsomolskiy,UZ,2020-10-31 20:46:14,40.43,71.72,41.0,38,6,6.93
117,Alofi,NU,2020-10-31 20:46:14,-19.06,-169.92,77.0,83,75,17.22
118,Rio Grande,BR,2020-10-31 20:42:11,-32.03,-52.1,68.0,52,40,12.75
119,Saint-Philippe,RE,2020-10-31 20:46:15,-21.36,55.77,66.2,59,0,5.82
120,Ahipara,NZ,2020-10-31 20:46:15,-35.17,173.17,66.81,80,23,3.74
121,Esperance,AU,2020-10-31 20:46:15,-33.87,121.9,62.6,88,100,14.99
122,Khatanga,RU,2020-10-31 20:46:15,71.97,102.5,-7.08,87,10,8.81
123,San Marcos,US,2020-10-31 20:46:15,33.14,-117.17,89.01,46,1,3.36
124,Oksfjord,NO,2020-10-31 20:46:15,70.24,22.35,39.2,77,6,17.22
125,Kolosovka,RU,2020-10-31 20:46:15,56.47,73.61,34.05,90,99,11.88
126,Port Hedland,AU,2020-10-31 20:46:15,-20.32,118.57,71.6,88,0,6.93
127,Sao Sebastiao,BR,2020-10-31 20:46:16,-23.76,-45.41,67.57,88,100,8.97
128,Port Alfred,ZA,2020-10-31 20:46:16,-33.59,26.89,63.36,81,63,13.4
129,Machilipatnam,IN,2020-10-31 20:46:16,16.17,81.13,75.2,83,20,3.36
130,Cherlak,RU,2020-10-31 20:46:16,54.16,74.81,34.41,86,19,9.71
131,Auki,SB,2020-10-31 20:46:16,-8.77,160.7,82.67,77,86,3.33
132,Berezovka,BY,2020-10-31 20:46:16,53.72,25.5,42.93,95,1,3.69
133,Cap Malheureux,MU,2020-10-31 20:46:16,-19.98,57.61,64.99,76,30,3.0
134,Ribeira Grande,PT,2020-10-31 20:45:44,38.52,-28.7,69.8,94,75,20.8
135,Hirara,JP,2020-10-31 20:45:42,24.8,125.28,76.89,74,5,23.78
136,Cherskiy,RU,2020-10-31 20:46:16,68.75,161.3,9.63,89,97,3.85
137,Tautira,PF,2020-10-31 20:46:17,-17.73,-149.15,86.0,62,40,5.82
138,Isangel,VU,2020-10-31 20:46:17,-19.55,169.27,77.86,74,86,15.73
139,Komyshnya,UA,2020-10-31 20:46:17,50.19,33.68,48.13,93,100,11.36
140,Manado,ID,2020-10-31 20:46:17,1.49,124.85,77.0,94,20,1.12
141,Hamilton,US,2020-10-31 20:41:22,39.18,-84.53,57.2,47,1,9.17
142,Mar Del Plata,AR,2020-10-31 20:44:26,-38.0,-57.56,64.4,52,0,12.75
143,Huarmey,PE,2020-10-31 20:46:17,-10.07,-78.15,67.73,69,88,8.37
144,Lavrentiya,RU,2020-10-31 20:46:17,65.58,-171.0,20.52,91,33,8.37
145,Arraial Do Cabo,BR,2020-10-31 20:46:17,-22.97,-42.03,71.6,88,75,10.29
146,Forbes,AU,2020-10-31 20:46:18,-33.38,148.02,54.0,97,5,1.01
147,Linqiong,CN,2020-10-31 20:46:18,30.42,103.46,64.0,93,99,2.01
148,Lexington Park,US,2020-10-31 20:46:18,38.27,-76.45,51.8,50,75,3.36
149,Pasvalys,LT,2020-10-31 20:46:18,56.06,24.4,44.6,93,90,1.12
150,Te Anau,NZ,2020-10-31 20:46:18,-45.42,167.72,54.19,57,50,9.46
151,Sao Joao Da Barra,BR,2020-10-31 20:42:23,-21.64,-41.05,69.8,94,90,9.17
152,Aklavik,CA,2020-10-31 20:46:18,68.22,-135.01,-2.2,77,40,3.09
153,Saint George,US,2020-10-31 20:42:47,37.1,-113.58,73.99,17,1,3.36
154,Liling,CN,2020-10-31 20:46:18,27.67,113.5,62.6,93,100,6.71
155,Tanete,ID,2020-10-31 20:46:19,-3.94,119.78,75.0,88,99,1.12
156,Touros,BR,2020-10-31 20:46:19,-5.2,-35.46,80.6,74,40,11.41
157,Geraldton,AU,2020-10-31 20:42:31,-28.77,114.6,68.0,68,75,13.87
158,Port Macquarie,AU,2020-10-31 20:46:19,-31.43,152.92,66.99,81,0,6.4
159,Masuguru,TZ,2020-10-31 20:46:19,-11.37,38.42,76.98,71,83,3.49
160,Makakilo City,US,2020-10-31 20:46:19,21.35,-158.09,84.2,65,40,10.29
161,Bethel,US,2020-10-31 20:42:26,41.37,-73.41,45.0,39,1,6.93
162,Fairbanks,US,2020-10-31 20:45:32,64.84,-147.72,8.01,77,90,6.93
163,Lorengau,PG,2020-10-31 20:46:19,-2.02,147.27,82.4,77,51,6.33
164,Samarai,PG,2020-10-31 20:46:19,-10.62,150.67,81.21,82,100,9.04
165,Tazovskiy,RU,2020-10-31 20:46:19,67.47,78.7,32.86,98,100,10.11
166,Palasa,IN,2020-10-31 20:46:20,18.77,84.42,75.58,68,75,2.64
167,Mancio Lima,BR,2020-10-31 20:46:20,-7.61,-72.9,72.79,95,100,3.13
168,Nantucket,US,2020-10-31 20:46:20,41.28,-70.1,48.2,45,1,5.82
169,Kasongo-Lunda,CD,2020-10-31 20:46:20,-6.47,16.82,72.28,88,98,0.36
170,Ca Mau,VN,2020-10-31 20:46:20,9.18,105.15,75.43,92,100,1.1
171,Mende,FR,2020-10-31 20:46:20,44.67,3.5,41.74,71,27,1.9
172,Leningradskiy,RU,2020-10-31 20:46:20,69.38,178.42,17.67,91,65,9.6
173,Linxia,CN,2020-10-31 20:46:20,35.6,103.21,38.12,74,100,2.59
174,Tiznit,MA,2020-10-31 20:46:20,29.58,-9.5,71.89,25,0,4.52
175,Guapi,CO,2020-10-31 20:46:20,2.57,-77.89,79.93,84,59,6.4
176,Tiksi,RU,2020-10-31 20:46:21,71.69,128.87,2.97,93,98,5.14
177,Kangaatsiaq,GL,2020-10-31 20:46:21,68.31,-53.46,25.16,96,100,10.8
178,Brokopondo,SR,2020-10-31 20:46:21,4.75,-55.17,88.81,59,69,10.02
179,Los Llanos De Aridane,ES,2020-10-31 20:46:21,28.66,-17.92,78.8,31,0,10.29
180,Gbarnga,LR,2020-10-31 20:46:21,7.0,-9.47,72.7,95,37,1.43
181,Eau Claire,US,2020-10-31 20:45:53,44.81,-91.5,55.99,50,90,16.11
182,Saint-Pierre,RE,2020-10-31 20:46:21,-21.34,55.48,66.2,59,0,5.82
183,Saint-Francois,FR,2020-10-31 20:46:21,46.42,3.91,52.0,93,58,2.24
184,Warrnambool,AU,2020-10-31 20:45:35,-38.38,142.48,50.0,92,51,4.18
185,Mopipi,BW,2020-10-31 20:46:21,-21.18,24.88,80.38,26,38,22.19
186,Huilong,CN,2020-10-31 20:46:22,31.81,121.66,64.0,91,82,4.05
187,Ayan,RU,2020-10-31 20:46:22,56.45,138.17,25.7,94,100,14.41
188,Porto Velho,BR,2020-10-31 20:44:53,-8.76,-63.9,75.2,94,75,3.36
189,Bengkulu,ID,2020-10-31 20:46:22,-3.8,102.27,75.43,88,100,4.07
190,Comodoro Rivadavia,AR,2020-10-31 20:46:22,-45.87,-67.5,68.0,64,0,3.36
191,Dikson,RU,2020-10-31 20:46:22,73.51,80.55,17.62,97,100,11.18
192,Tasiilaq,GL,2020-10-31 20:42:24,65.61,-37.64,32.0,94,75,4.7
193,Vestmannaeyjar,IS,2020-10-31 20:46:23,63.44,-20.27,43.9,73,8,10.25
194,Stephanskirchen,DE,2020-10-31 20:46:23,47.86,12.15,46.99,1,92,5.17
195,Vanimo,PG,2020-10-31 20:46:23,-2.67,141.3,78.66,80,32,6.15
196,Kahului,US,2020-10-31 20:46:23,20.89,-156.47,87.8,45,20,8.05
197,Bereda,ES,2020-10-31 20:46:23,43.27,-7.54,63.0,87,100,15.99
198,Sampit,ID,2020-10-31 20:46:23,-2.53,112.95,73.53,97,78,1.95
199,Chokurdakh,RU,2020-10-31 20:46:23,70.63,147.92,-6.47,92,95,7.96
200,Besikduzu,TR,2020-10-31 20:46:24,41.05,39.23,64.4,82,75,5.82
201,Kiruna,SE,2020-10-31 20:46:24,67.86,20.23,19.4,92,33,5.82
202,Alexandria,EG,2020-10-31 20:45:53,31.22,29.96,73.4,60,40,9.17
203,Berbera,SO,2020-10-31 20:46:24,10.44,45.01,82.63,53,0,4.54
204,Haines Junction,CA,2020-10-31 20:46:24,60.75,-137.51,14.0,78,100,4.7
205,Quelimane,MZ,2020-10-31 20:46:24,-17.88,36.89,78.8,74,40,2.24
206,Saint Marys,US,2020-10-31 20:42:49,30.73,-81.55,75.2,88,90,11.41
207,Asyut,EG,2020-10-31 20:46:24,27.18,31.18,71.6,68,0,11.41
208,Rafraf,TN,2020-10-31 20:46:25,37.19,10.18,59.0,87,40,4.27
209,Sechura,PE,2020-10-31 20:46:25,-5.56,-80.82,72.25,63,97,16.04
210,Kaitangata,NZ,2020-10-31 20:46:25,-46.28,169.85,60.01,52,83,11.01
211,Snyder,US,2020-10-31 20:46:25,32.72,-100.92,75.2,29,1,14.99
212,Bath,GB,2020-10-31 20:46:25,51.38,-2.36,51.01,79,100,8.99
213,Palauig,PH,2020-10-31 20:46:25,15.44,119.9,78.96,72,100,7.25
214,Livani,LV,2020-10-31 20:46:25,56.35,26.18,42.19,96,1,2.62
215,Nizhnyaya Tavda,RU,2020-10-31 20:46:26,57.67,66.17,37.06,94,100,10.36
216,Ganzhou,CN,2020-10-31 20:46:26,28.82,115.43,61.61,81,100,4.03
217,Gaya,IN,2020-10-31 20:44:34,24.78,85.0,70.43,70,0,4.45
218,Novooleksiyivka,UA,2020-10-31 20:46:26,46.23,34.64,49.66,87,84,6.69
219,Airai,TL,2020-10-31 20:45:26,-8.93,125.41,59.72,66,27,2.42
220,Trinidad,BO,2020-10-31 20:46:26,-14.83,-64.9,89.6,33,42,11.41
221,Estevan,CA,2020-10-31 20:45:04,49.13,-102.98,32.0,72,75,34.45
222,Ilulissat,GL,2020-10-31 20:46:26,69.22,-51.1,19.4,73,75,6.93
223,Wanaka,NZ,2020-10-31 20:46:26,-44.7,169.15,51.62,61,6,7.96
224,Provideniya,RU,2020-10-31 20:46:27,64.38,-173.3,21.56,88,73,6.2
225,Omboue,GA,2020-10-31 20:46:27,-1.57,9.26,77.16,91,97,5.44
226,Nikolskoye,RU,2020-10-31 20:42:17,59.7,30.79,36.0,86,34,2.24
227,Namibe,AO,2020-10-31 20:46:27,-15.2,12.15,75.18,71,47,0.94
228,Butaritari,KI,2020-10-31 20:46:27,3.07,172.79,81.28,75,100,15.48
229,Ponta Do Sol,PT,2020-10-31 20:46:27,32.67,-17.1,71.01,68,20,10.29
230,Singleton,AU,2020-10-31 20:46:27,-32.57,151.18,61.0,98,2,6.78
231,Emba,KZ,2020-10-31 20:46:27,48.83,58.14,45.72,49,100,10.18
232,Camacha,PT,2020-10-31 20:46:27,33.08,-16.33,68.0,88,20,3.36
233,Kununurra,AU,2020-10-31 20:46:28,-15.77,128.73,78.8,88,75,10.11
234,Bud,US,2020-10-31 20:46:28,39.45,-86.18,57.2,47,1,10.29
235,Conde,BR,2020-10-31 20:46:28,-7.26,-34.91,80.6,78,20,10.29
236,Sao Lourenco Do Sul,BR,2020-10-31 20:46:28,-31.37,-51.98,68.0,52,40,12.75
237,Motygino,RU,2020-10-31 20:46:28,58.18,94.76,10.08,93,52,2.35
238,Caravelas,BR,2020-10-31 20:46:28,-17.71,-39.25,72.21,95,100,5.32
239,Pak Phanang,TH,2020-10-31 20:46:28,8.35,100.2,79.63,80,90,2.93
240,La Asuncion,VE,2020-10-31 20:46:28,11.03,-63.86,89.6,66,96,17.22
241,Asau,RO,2020-10-31 20:46:28,46.43,26.4,43.0,85,70,5.12
242,Pasni,PK,2020-10-31 20:44:08,25.26,63.47,75.22,33,0,8.16
243,Ovada,IT,2020-10-31 20:46:29,44.64,8.65,57.0,85,100,4.43
244,Buraydah,SA,2020-10-31 20:46:29,26.33,43.98,69.8,28,0,2.24
245,Semme,FR,2020-10-31 20:46:29,46.2,1.5,61.0,77,90,11.41
246,Saint Stephen,GB,2020-10-31 20:46:29,50.33,-4.9,53.6,81,100,10.29
247,Pesqueria,MX,2020-10-31 20:46:29,25.78,-100.05,75.2,36,5,8.05
248,Sao Filipe,CV,2020-10-31 20:46:29,14.9,-24.5,80.19,65,76,11.99
249,Sisimiut,GL,2020-10-31 20:46:29,66.94,-53.67,20.77,95,100,7.83
250,Kharan,PK,2020-10-31 20:44:09,28.58,65.42,55.71,29,0,6.6
251,Constantine,DZ,2020-10-31 20:44:02,36.37,6.61,59.0,62,0,1.19
252,Anyang,CN,2020-10-31 20:46:30,36.1,114.33,52.65,39,0,4.59
253,Rommerskirchen,DE,2020-10-31 20:46:30,51.03,6.7,57.99,87,100,3.0
254,Georgetown,MY,2020-10-31 20:46:30,5.41,100.34,75.2,94,20,4.7
255,Shache,CN,2020-10-31 20:46:30,38.42,77.24,34.29,78,0,3.62
256,Imeni Poliny Osipenko,RU,2020-10-31 20:46:30,52.42,136.49,32.45,98,100,2.26
257,Sebring,US,2020-10-31 20:42:15,27.5,-81.44,80.6,69,90,11.41
258,Marathon,US,2020-10-31 20:46:19,44.9,-89.77,53.01,53,90,18.34
259,Annau,TM,2020-10-31 20:46:30,37.89,58.52,51.8,43,10,4.7
260,Somerset,US,2020-10-31 20:46:30,40.57,-74.55,48.2,39,1,3.36
261,Goderich,CA,2020-10-31 20:44:31,43.75,-81.72,42.8,60,13,14.99
262,Itaiba,BR,2020-10-31 20:46:31,-8.95,-37.42,83.68,49,98,13.04
263,Ishigaki,JP,2020-10-31 20:46:31,24.34,124.16,77.18,76,12,20.87
264,Sinnamary,GF,2020-10-31 20:46:31,5.38,-52.95,82.81,75,97,11.41
265,San Ramon De La Nueva Oran,AR,2020-10-31 20:46:31,-23.13,-64.33,84.99,28,3,6.44
266,Aswan,EG,2020-10-31 20:46:31,24.09,32.91,76.62,46,0,10.38
267,Vardo,NO,2020-10-31 20:46:31,70.37,31.11,36.19,86,100,9.95
268,Clyde River,CA,2020-10-31 20:46:32,70.47,-68.59,15.8,92,75,14.99
269,Istok,XK,2020-10-31 20:46:32,42.78,20.49,57.2,58,75,8.05
270,Shenzhen,CN,2020-10-31 20:46:32,22.55,114.07,73.0,91,51,3.31
271,Smirnykh,RU,2020-10-31 20:46:32,49.75,142.83,33.03,94,100,1.28
272,Sarkand,KZ,2020-10-31 20:46:32,45.41,79.92,41.02,59,0,2.35
273,Tommot,RU,2020-10-31 20:46:32,58.96,126.29,-5.06,89,94,2.01
274,Crixas,BR,2020-10-31 20:46:32,-14.55,-49.97,73.31,93,100,2.55
275,Khash,IR,2020-10-31 20:46:32,28.22,61.22,41.61,53,0,2.57
276,Nyzhni Sirohozy,UA,2020-10-31 20:46:32,46.85,34.38,47.3,90,73,6.49
277,Kuytun,RU,2020-10-31 20:46:33,54.34,101.5,14.4,87,10,9.35
278,Namatanai,PG,2020-10-31 20:46:33,-3.67,152.43,82.0,77,89,5.88
279,Tivaouane,SN,2020-10-31 20:46:33,14.95,-16.81,77.0,83,0,13.87
280,Le Port,RE,2020-10-31 20:46:33,-20.94,55.29,62.6,63,0,5.82
281,Urumqi,CN,2020-10-31 20:46:33,43.8,87.6,37.4,59,0,4.47
282,Marawi,PH,2020-10-31 20:42:33,8.0,124.29,73.99,93,100,4.0
283,Moron,AR,2020-10-31 20:46:33,-34.65,-58.62,73.99,40,0,5.82
284,Dinga,PK,2020-10-31 20:44:12,32.64,73.72,60.8,72,0,4.25
285,Hambantota,LK,2020-10-31 20:46:33,6.12,81.12,79.02,82,88,9.1
286,Saint-Georges,GD,2020-10-31 20:46:34,12.06,-61.75,82.4,83,75,18.34
287,Matamoros,MX,2020-10-31 20:46:34,25.53,-103.25,80.6,19,5,4.45
288,Lasa,IT,2020-10-31 20:46:34,46.62,10.7,44.6,65,5,5.82
289,Wum,CM,2020-10-31 20:46:34,6.38,10.07,64.92,92,100,3.18
290,Lunsar,SL,2020-10-31 20:46:34,8.68,-12.53,75.63,94,13,3.04
291,Padang,ID,2020-10-31 20:44:30,-0.95,100.35,77.61,80,100,3.69
292,Olafsvik,IS,2020-10-31 20:46:34,64.89,-23.71,43.23,79,44,10.0
293,Rawson,AR,2020-10-31 20:42:21,-43.3,-65.1,80.01,17,2,14.72
294,Amapa,BR,2020-10-31 20:46:34,1.0,-52.0,87.64,49,94,6.33
295,Mahon,ES,2020-10-31 20:46:34,39.89,4.27,59.0,87,20,4.7
296,Saint-Avold,FR,2020-10-31 20:46:34,49.1,6.7,55.99,84,93,9.28
297,Raga,SS,2020-10-31 20:46:35,8.46,25.68,74.43,74,30,3.09
298,Phalaborwa,ZA,2020-10-31 20:46:35,-23.94,31.14,69.8,83,36,12.75
299,Praia,CV,2020-10-31 20:46:35,14.92,-23.51,77.0,78,75,19.46
300,Torres,BR,2020-10-31 20:46:35,-29.34,-49.73,64.63,68,100,4.72
301,Codrington,AU,2020-10-31 20:45:42,-38.27,141.97,50.13,89,18,2.53
302,Cabrobo,BR,2020-10-31 20:46:35,-8.51,-39.31,92.01,30,76,8.99
303,Gueugnon,FR,2020-10-31 20:46:35,46.6,4.06,51.01,93,64,2.24
304,Pacific Grove,US,2020-10-31 20:43:33,36.62,-121.92,80.01,38,1,9.17
305,Fort Nelson,CA,2020-10-31 20:43:06,58.81,-122.7,21.2,92,75,6.93
306,Itaituba,BR,2020-10-31 20:46:36,-4.28,-55.98,91.4,55,20,2.66
307,Leh,IN,2020-10-31 20:46:36,34.17,77.58,29.03,74,12,0.72
308,Avera,US,2020-10-31 20:46:36,33.19,-82.53,64.4,59,90,8.05
309,Ulladulla,AU,2020-10-31 20:46:36,-35.35,150.47,57.99,100,90,17.22
310,Toora-Khem,RU,2020-10-31 20:46:36,52.47,96.11,23.18,92,99,3.13
311,Axim,GH,2020-10-31 20:46:36,4.87,-2.24,78.64,87,50,6.42
312,Montrose,US,2020-10-31 20:46:09,38.42,-108.27,60.01,26,0,4.0
313,Santa Fe,AR,2020-10-31 20:46:36,-31.63,-60.7,81.0,23,0,1.99
314,Rio Gallegos,AR,2020-10-31 20:46:36,-51.62,-69.22,64.4,39,0,5.82
315,Katsuura,JP,2020-10-31 20:46:37,35.13,140.3,53.6,76,0,4.7
316,Hualmay,PE,2020-10-31 20:46:37,-11.1,-77.61,67.32,69,65,8.63
317,Coihaique,CL,2020-10-31 20:46:37,-45.58,-72.07,78.8,21,0,5.82
318,Brae,GB,2020-10-31 20:46:37,60.4,-1.35,51.8,76,96,40.26
319,Torbay,CA,2020-10-31 20:46:37,47.67,-52.73,36.0,69,75,16.11
320,Kupang,ID,2020-10-31 20:46:37,-10.17,123.58,78.93,75,81,4.45
321,Prado,BR,2020-10-31 20:46:37,-17.34,-39.22,72.64,94,100,1.45
322,Road Town,VG,2020-10-31 20:43:41,18.42,-64.62,84.2,70,40,12.75
323,Macultepec,MX,2020-10-31 20:45:09,18.17,-92.83,77.0,88,90,5.93
324,Banda Aceh,ID,2020-10-31 20:46:38,5.56,95.32,80.87,74,73,7.02
325,Labuhan,ID,2020-10-31 20:46:38,-6.88,112.21,75.34,91,100,6.35
326,Mogadishu,SO,2020-10-31 20:46:38,2.04,45.34,79.97,82,58,11.16
327,Callaway,US,2020-10-31 20:46:38,30.15,-85.57,78.8,53,1,6.93
328,Muriwai Beach,NZ,2020-10-31 20:46:38,-36.82,174.45,66.99,70,52,1.01
329,Bambous Virieux,MU,2020-10-31 20:46:38,-20.34,57.76,66.2,82,40,5.82
330,Totness,SR,2020-10-31 20:46:38,5.88,-56.32,83.17,78,13,16.82
331,Bichura,RU,2020-10-31 20:46:38,50.59,107.6,22.69,84,100,15.84
332,Tonantins,BR,2020-10-31 20:46:39,-2.87,-67.8,76.3,84,100,2.3
333,Acapulco,MX,2020-10-31 20:46:39,16.86,-99.89,87.8,70,75,6.93
334,Kamiichi,JP,2020-10-31 20:46:39,36.7,137.37,54.0,50,95,1.99
335,Oussouye,SN,2020-10-31 20:46:39,12.48,-16.55,80.6,88,0,4.05
336,Hithadhoo,MV,2020-10-31 20:46:39,-0.6,73.08,83.64,70,100,8.7
337,Chimore,BO,2020-10-31 20:46:39,-16.98,-65.13,88.32,35,76,2.51
338,Kiama,AU,2020-10-31 20:46:39,-34.68,150.87,61.0,95,98,5.01
339,Adrar,MR,2020-10-31 20:42:33,20.5,-10.07,84.22,15,99,11.1
340,Cabatuan,PH,2020-10-31 20:46:39,10.88,122.49,76.17,81,100,2.17
341,Esperantinopolis,BR,2020-10-31 20:46:40,-4.87,-44.71,87.44,46,95,1.72
342,Wilhelmshaven,DE,2020-10-31 20:46:40,53.52,8.13,55.4,87,62,11.41
343,Challapata,BO,2020-10-31 20:46:40,-18.9,-66.77,61.56,24,0,8.05
344,Bubaque,GW,2020-10-31 20:46:40,11.28,-15.83,84.43,69,73,8.28
345,Gorontalo,ID,2020-10-31 20:46:40,0.54,123.06,76.05,76,100,1.79
346,Tombouctou,ML,2020-10-31 20:46:40,20.0,-3.0,87.15,13,100,7.02
347,Weymouth,US,2020-10-31 20:46:40,42.22,-70.94,44.01,44,20,6.93
348,Qaqortoq,GL,2020-10-31 20:45:36,60.72,-46.03,23.0,73,40,1.12
349,Guanica,PR,2020-10-31 20:46:40,17.97,-66.91,84.99,67,100,3.0
350,Bilma,NE,2020-10-31 20:46:41,18.69,12.92,73.38,22,0,10.31
351,Oyama,JP,2020-10-31 20:46:41,36.3,139.8,55.0,93,75,3.36
352,Lukovetskiy,RU,2020-10-31 20:46:41,64.3,41.92,30.2,100,75,2.24
353,Tuatapere,NZ,2020-10-31 20:46:41,-46.13,167.68,57.0,66,47,7.0
354,Lebyazhye,RU,2020-10-31 20:46:41,55.27,66.49,35.91,83,100,12.41
355,Muravlenko,RU,2020-10-31 20:46:41,63.79,74.52,30.24,99,100,14.23
356,Curuca,BR,2020-10-31 20:46:41,-0.73,-47.85,81.75,73,10,9.75
357,Guerrero,MX,2020-10-31 20:46:41,17.67,-100.0,77.79,57,15,2.39
358,Parkes,AU,2020-10-31 20:46:41,-33.13,148.18,54.0,96,2,10.13
359,Dongying,CN,2020-10-31 20:46:41,37.46,118.49,53.91,42,43,4.09
360,Kurilsk,RU,2020-10-31 20:46:42,45.23,147.88,45.9,73,89,7.92
361,Bukachacha,RU,2020-10-31 20:46:42,52.98,116.92,21.24,92,100,3.85
362,Kieta,PG,2020-10-31 20:46:42,-6.22,155.63,81.59,76,36,1.72
363,Port Blair,IN,2020-10-31 20:46:42,11.67,92.75,79.83,80,8,5.55
364,Zhanaozen,KZ,2020-10-31 20:46:42,43.3,52.8,54.16,34,63,16.22
365,Honiara,SB,2020-10-31 20:46:42,-9.43,159.95,78.8,88,20,3.36
366,Puerto Palomas,MX,2020-10-31 20:46:42,31.77,-107.62,73.4,20,1,3.36
367,Soyo,AO,2020-10-31 20:46:42,-6.13,12.37,78.3,85,95,11.48
368,San Miguel,SV,2020-10-31 20:46:42,13.48,-88.18,93.2,63,40,2.24
369,Kokkola,FI,2020-10-31 20:42:13,63.84,23.13,44.01,100,90,8.05
370,Ikot Ekpene,NG,2020-10-31 20:46:43,5.18,7.71,74.98,90,94,3.33
371,Zarubino,RU,2020-10-31 20:46:43,42.63,131.09,49.33,77,72,5.46
372,Ukiah,US,2020-10-31 20:43:26,39.15,-123.21,81.0,13,1,4.29
373,Dunedin,NZ,2020-10-31 20:45:01,-45.87,170.5,55.0,67,28,10.0
374,Luoyang,CN,2020-10-31 20:46:43,34.68,112.45,53.4,38,20,6.15
375,Saldanha,ZA,2020-10-31 20:46:43,-33.01,17.94,59.0,67,0,6.93
376,Salalah,OM,2020-10-31 20:46:43,17.02,54.09,75.2,41,0,4.7
377,Harper,LR,2020-10-31 20:46:43,4.38,-7.72,78.04,87,100,5.93
378,San Carlos De Bariloche,AR,2020-10-31 20:46:43,-41.15,-71.31,80.6,10,0,5.82
379,Sidi Ali,DZ,2020-10-31 20:46:43,36.1,0.42,64.9,57,69,3.51
380,Nishihara,JP,2020-10-31 20:46:44,26.18,127.76,75.2,60,40,12.75
381,Bull Savanna,JM,2020-10-31 20:46:44,17.89,-77.59,80.73,77,89,0.36
382,Kampot,KH,2020-10-31 20:46:44,10.62,104.18,77.81,81,75,2.75
383,Sitka,US,2020-10-31 20:46:44,57.05,-135.33,51.8,87,90,19.46
384,Dudinka,RU,2020-10-31 20:46:44,69.41,86.18,19.4,92,90,29.08
385,Guerrero Negro,MX,2020-10-31 20:46:44,27.98,-114.06,79.79,34,99,9.89
386,Mayo,US,2020-10-31 20:46:44,38.89,-76.51,50.0,61,90,4.7
387,Cordoba,AR,2020-10-31 20:42:27,-31.41,-64.18,77.0,22,0,6.93
388,La Palma,US,2020-10-31 20:42:04,33.85,-118.05,80.6,36,1,6.82
389,Ixtapa,MX,2020-10-31 20:46:44,20.7,-105.2,87.8,62,5,9.17
390,Agirish,RU,2020-10-31 20:46:45,61.92,63.02,30.76,97,100,9.28
391,Hobyo,SO,2020-10-31 20:46:45,5.35,48.53,81.25,77,100,8.59
392,Sumkino,RU,2020-10-31 20:46:45,58.11,68.32,36.37,91,100,11.27
393,Afrikanda,RU,2020-10-31 20:46:45,67.44,32.78,29.84,91,99,7.65
394,Kondoa,TZ,2020-10-31 20:46:45,-4.9,35.78,62.89,74,46,6.22
395,Sioux Lookout,CA,2020-10-31 20:46:45,50.1,-91.92,39.2,88,90,12.75
396,Searcy,US,2020-10-31 20:43:12,35.25,-91.74,64.4,48,1,5.82
397,Meulaboh,ID,2020-10-31 20:46:45,4.14,96.13,77.95,83,99,3.49
398,Gushikawa,JP,2020-10-31 20:46:45,26.35,127.87,75.2,82,1,10.29
399,Gombong,ID,2020-10-31 20:46:46,-7.61,109.51,62.01,86,56,1.92
400,Ihosy,MG,2020-10-31 20:46:46,-22.4,46.12,59.56,82,22,8.05
401,Waipawa,NZ,2020-10-31 20:46:46,-41.41,175.52,62.01,67,4,12.75
402,San Quintin,MX,2020-10-31 20:46:06,30.48,-115.95,77.16,37,58,8.88
403,Muros,ES,2020-10-31 20:46:46,42.78,-9.06,63.0,92,100,17.0
404,Pochutla,MX,2020-10-31 20:44:40,15.74,-96.47,89.01,66,40,9.17
405,Swabi,PK,2020-10-31 20:46:46,34.12,72.47,61.52,28,0,5.01
406,Diffa,NE,2020-10-31 20:46:46,13.32,12.61,80.56,22,0,9.1
407,Umm Lajj,SA,2020-10-31 20:46:46,25.02,37.27,78.69,69,0,2.42
408,Koumac,NC,2020-10-31 20:46:46,-20.57,164.28,79.39,67,3,4.85
409,Port-Gentil,GA,2020-10-31 20:46:47,-0.72,8.78,80.6,83,40,6.93
410,Oudtshoorn,ZA,2020-10-31 20:46:47,-33.59,22.2,55.4,82,1,1.12
411,Tari,NG,2020-10-31 20:46:47,12.41,4.49,84.07,21,94,7.94
412,Anloga,GH,2020-10-31 20:46:47,5.79,0.9,82.4,83,20,9.17
413,Burley,US,2020-10-31 20:46:47,42.54,-113.79,54.0,43,1,6.93
414,Tigil,RU,2020-10-31 20:46:47,57.8,158.67,33.01,89,100,4.12
415,Chumikan,RU,2020-10-31 20:46:47,54.72,135.31,32.68,96,100,29.95
416,Nanortalik,GL,2020-10-31 20:46:47,60.14,-45.24,28.63,90,33,19.46
417,Wieliczka,PL,2020-10-31 20:46:48,49.99,20.06,42.01,95,17,3.22
418,Mackay,AU,2020-10-31 20:46:48,-21.15,149.2,72.0,94,0,6.15
419,Villa Carlos Paz,AR,2020-10-31 20:46:48,-31.42,-64.5,77.0,22,0,6.93
420,Jumla,NP,2020-10-31 20:46:48,29.27,82.18,46.89,55,1,5.28
421,Lata,PT,2020-10-31 20:46:48,40.16,-8.33,64.99,87,71,1.01
422,Narrabri,AU,2020-10-31 20:46:40,-30.32,149.78,53.6,81,0,1.12
423,Hofn,IS,2020-10-31 20:42:32,64.25,-15.21,42.91,72,100,13.29
424,Anahuac,MX,2020-10-31 20:46:48,27.23,-100.15,77.0,29,5,10.49
425,Lensk,RU,2020-10-31 20:46:48,60.73,114.93,-3.23,90,42,2.04
426,Kostomuksha,RU,2020-10-31 20:46:48,64.57,30.58,32.32,92,100,8.3
427,Achalpur,IN,2020-10-31 20:46:48,21.26,77.51,70.2,43,0,4.18
428,Prince Rupert,CA,2020-10-31 20:45:32,54.32,-130.32,48.2,87,90,16.11
429,Andenes,NO,2020-10-31 20:46:49,69.31,16.12,41.0,86,43,13.87
430,Itarema,BR,2020-10-31 20:46:49,-2.92,-39.92,79.79,81,100,14.0
431,Kenai,US,2020-10-31 20:46:49,60.55,-151.26,26.01,72,1,5.84
432,Atherton,GB,2020-10-31 20:46:49,53.52,-2.49,51.01,70,67,4.0
433,Daoukro,CI,2020-10-31 20:46:49,7.06,-3.96,73.36,93,3,2.93
434,Bac Lieu,VN,2020-10-31 20:46:49,9.29,105.72,77.9,86,100,5.48
435,Kolomak,UA,2020-10-31 20:46:49,49.84,35.3,51.24,92,100,12.06
436,Guhagar,IN,2020-10-31 20:46:50,17.48,73.19,76.14,69,11,4.76
437,Jiuquan,CN,2020-10-31 20:46:50,39.74,98.52,32.86,73,21,3.91
438,Pizarro,CO,2020-10-31 20:46:50,4.95,-77.37,80.85,78,95,8.03
439,Mayna,RU,2020-10-31 20:46:50,54.11,47.62,38.03,95,84,4.21
440,Kendari,ID,2020-10-31 20:46:50,-3.94,122.5,74.75,91,100,3.31
441,Lima,PE,2020-10-31 20:44:20,-12.04,-77.03,66.99,77,75,10.29
442,Teruel,ES,2020-10-31 20:46:50,40.67,-0.67,59.0,57,0,3.36
443,Cayenne,GF,2020-10-31 20:46:50,4.93,-52.33,82.4,78,98,11.41
444,Pimentel,PE,2020-10-31 20:46:50,-6.84,-79.93,69.8,64,0,14.99
445,Waingapu,ID,2020-10-31 20:46:50,-9.66,120.26,79.05,74,100,5.35
446,Tapes,BR,2020-10-31 20:46:50,-30.67,-51.4,63.99,73,42,12.59
447,Leshukonskoye,RU,2020-10-31 20:46:51,64.9,45.76,29.98,97,2,5.3
448,Brigantine,US,2020-10-31 20:46:51,39.41,-74.36,50.0,57,90,5.82
449,Jizan,SA,2020-10-31 20:42:06,17.33,42.67,86.0,70,0,4.7
450,Hoima,UG,2020-10-31 20:46:51,1.44,31.34,64.36,94,83,2.95
451,Trapani,IT,2020-10-31 20:46:51,37.83,12.67,68.0,87,0,10.29
452,Cabedelo,BR,2020-10-31 20:46:51,-6.98,-34.83,80.6,78,20,10.29
453,Saint Anthony,US,2020-10-31 20:46:51,45.02,-93.22,55.4,54,20,16.11
454,Mount Gambier,AU,2020-10-31 20:46:51,-37.83,140.77,42.8,93,90,1.12
455,Sorland,NO,2020-10-31 20:46:52,67.67,12.69,46.74,69,100,18.75
456,North Bend,US,2020-10-31 20:46:52,43.41,-124.22,73.0,55,1,5.82
457,Veracruz,MX,2020-10-31 20:46:28,19.33,-96.67,82.99,58,5,10.29
458,Marzuq,YE,2020-10-31 20:46:52,14.4,46.47,64.94,44,0,0.98
459,Assiniboia,CA,2020-10-31 20:46:52,49.63,-105.98,35.6,47,0,26.4
460,Whitehorse,CA,2020-10-31 20:45:05,60.72,-135.05,12.99,78,75,9.17
461,Dalvik,IS,2020-10-31 20:46:52,65.97,-18.53,37.4,74,0,8.05
462,Udachnyy,RU,2020-10-31 20:46:52,66.42,112.4,-5.31,84,0,6.24
463,Ust-Maya,RU,2020-10-31 20:46:52,60.42,134.53,-8.5,90,57,2.26
464,Pesaro,IT,2020-10-31 20:46:52,43.9,12.89,55.0,100,58,1.12
465,Nioro,GM,2020-10-31 20:46:52,13.35,-15.75,81.46,39,87,3.74
466,La Sarre,CA,2020-10-31 20:45:04,48.8,-79.2,30.63,91,93,12.73
467,Vangaindrano,MG,2020-10-31 20:46:53,-23.35,47.6,68.23,75,94,4.38
468,Dubbo,AU,2020-10-31 20:46:53,-32.25,148.62,51.8,74,0,4.94
469,Sonqor,IR,2020-10-31 20:46:53,34.78,47.6,48.2,14,0,2.24
470,Birmitrapur,IN,2020-10-31 20:46:53,22.4,84.77,68.61,71,0,3.76
471,Freeport,US,2020-10-31 20:43:11,40.66,-73.58,46.99,48,1,8.05
472,Porbandar,IN,2020-10-31 20:46:53,21.64,69.61,79.48,47,0,11.61
473,Gubkinskiy,RU,2020-10-31 20:46:53,64.43,76.5,30.27,98,100,15.08
474,Mizan Teferi,ET,2020-10-31 20:46:54,6.98,35.58,61.66,92,65,2.19
475,Henderson,US,2020-10-31 20:45:02,36.04,-114.98,79.0,13,1,5.82
476,Juneau,US,2020-10-31 20:46:54,58.3,-134.42,45.0,87,90,32.21
477,Pokhara,NP,2020-10-31 20:46:54,28.23,83.98,69.28,28,54,6.38
478,Neuquen,AR,2020-10-31 20:46:55,-38.95,-68.06,87.8,16,0,9.17
479,Lucapa,AO,2020-10-31 20:46:55,-8.42,20.74,66.6,88,98,1.34
480,Quatre Cocos,MU,2020-10-31 20:46:55,-20.21,57.76,66.2,82,40,5.82
481,Bilibino,RU,2020-10-31 20:46:55,68.05,166.44,0.03,84,74,2.42
482,Kharp,RU,2020-10-31 20:46:55,66.8,65.81,33.6,93,75,13.15
483,Grindavik,IS,2020-10-31 20:46:56,63.84,-22.43,39.2,93,75,4.7
484,Kruisfontein,ZA,2020-10-31 20:46:56,-34.0,24.73,61.0,83,65,1.01
485,Ambon,ID,2020-10-31 20:46:56,-3.7,128.18,81.0,90,67,8.81
486,Zakupy,CZ,2020-10-31 20:46:56,50.68,14.65,55.0,97,72,1.99
487,Dovers,VC,2020-10-31 20:46:56,12.88,-61.18,78.8,94,75,5.82
488,Dicabisagan,PH,2020-10-31 20:46:56,17.08,122.42,76.41,86,100,14.43
489,Eldorado,BR,2020-10-31 20:42:43,-23.79,-54.28,76.53,60,27,4.45
490,Mount Isa,AU,2020-10-31 20:42:38,-20.73,139.5,69.8,26,0,8.05
491,Longhua,CN,2020-10-31 20:46:57,23.61,114.19,66.36,86,0,0.83
492,Laguna,US,2020-10-31 20:46:57,38.42,-121.42,77.0,25,1,6.93
493,Pinhao,BR,2020-10-31 20:45:01,-25.7,-51.66,60.71,91,52,3.53
494,Oloron-Sainte-Marie,FR,2020-10-31 20:46:57,43.19,-0.61,57.2,76,0,3.36
495,Lapeer,US,2020-10-31 20:42:35,43.05,-83.32,50.0,46,1,12.75
496,Raton,US,2020-10-31 20:46:57,36.9,-104.44,71.01,7,1,5.82
497,Constitucion,CL,2020-10-31 20:46:57,-35.33,-72.42,62.55,69,12,7.16
498,Baymak,RU,2020-10-31 20:46:57,52.59,58.32,38.41,72,100,6.49
499,Alyangula,AU,2020-10-31 20:46:32,-13.85,136.42,71.6,94,0,6.71
500,Jinchang,CN,2020-10-31 20:46:58,38.5,102.17,38.68,61,83,6.8
501,Strezhevoy,RU,2020-10-31 20:46:58,60.73,77.59,32.0,98,0,8.95
502,Tsaratanana,MG,2020-10-31 20:46:58,-16.78,47.65,66.25,60,96,10.87
503,Shenjiamen,CN,2020-10-31 20:46:58,29.96,122.3,65.8,80,72,4.63
504,Nisia Floresta,BR,2020-10-31 20:46:58,-6.09,-35.21,80.6,78,40,12.75
505,Covilha,PT,2020-10-31 20:46:58,40.29,-7.5,57.99,92,85,2.8
506,Ancud,CL,2020-10-31 20:46:58,-41.87,-73.82,66.2,55,0,6.93
507,Anadyr,RU,2020-10-31 20:46:59,64.75,177.48,3.2,84,40,6.71
508,Naze,JP,2020-10-31 20:42:36,28.37,129.48,73.4,73,75,11.41
509,Saint-Augustin,CA,2020-10-31 20:43:05,51.23,-58.65,30.15,77,0,10.54
510,Carupano,VE,2020-10-31 20:46:59,10.67,-63.26,82.99,81,76,11.5
511,Buchanan,LR,2020-10-31 20:46:59,5.88,-10.05,78.42,88,100,8.37
512,Leninskoye,KZ,2020-10-31 20:46:59,41.76,69.39,44.6,39,95,4.7
513,Tias,ES,2020-10-31 20:46:59,28.96,-13.64,73.4,60,0,8.05
514,Mayor Pablo Lagerenza,PY,2020-10-31 20:46:59,-19.93,-60.77,86.32,27,13,10.74
515,Bundaberg,AU,2020-10-31 20:46:59,-24.85,152.35,78.01,94,10,5.82
516,Kirakira,SB,2020-10-31 20:47:00,-10.45,161.92,83.07,74,67,5.1
517,Kaiyuan,CN,2020-10-31 20:47:00,23.7,103.3,61.41,88,44,3.04
518,Talara,PE,2020-10-31 20:47:00,-4.58,-81.27,66.94,80,30,14.74
519,Neryungri,RU,2020-10-31 20:47:00,56.67,124.65,3.9,92,100,7.02
520,Kutum,SD,2020-10-31 20:47:00,14.2,24.67,76.06,28,55,13.87
521,Ati,TD,2020-10-31 20:47:00,13.22,18.34,87.15,16,7,13.8
522,Vila,PT,2020-10-31 20:47:00,42.03,-8.16,59.0,94,100,7.0
523,Lompoc,US,2020-10-31 20:44:43,34.64,-120.46,82.0,33,1,10.29
524,Burgeo,CA,2020-10-31 20:47:01,47.62,-57.62,33.06,86,0,17.9
525,Pisco,PE,2020-10-31 20:47:01,-13.7,-76.22,69.8,73,0,18.34
526,Quartucciu,IT,2020-10-31 20:47:01,39.25,9.18,62.6,100,0,4.7
527,Evensk,RU,2020-10-31 20:47:01,61.95,159.23,22.53,93,65,12.97
528,Tessalit,ML,2020-10-31 20:47:01,20.2,1.01,79.54,17,18,10.0
529,Lahaina,US,2020-10-31 20:47:01,20.88,-156.68,87.8,45,20,8.05
530,Chiredzi,ZW,2020-10-31 20:47:02,-21.05,31.67,74.55,64,0,16.67
531,Bay Roberts,CA,2020-10-31 20:47:02,47.6,-53.26,35.01,64,100,1.99
532,Pimenta Bueno,BR,2020-10-31 20:47:02,-11.67,-61.19,88.11,49,57,2.95
533,Boende,CD,2020-10-31 20:47:02,-0.22,20.87,72.46,90,9,2.21
534,Klingenthal,DE,2020-10-31 20:47:02,50.37,12.47,48.0,10,47,21.0
535,Salgado De Sao Felix,BR,2020-10-31 20:47:03,-7.36,-35.44,80.6,74,75,16.11
536,Coahuayana,MX,2020-10-31 20:47:03,18.73,-103.68,84.2,66,40,11.41
537,Severo-Kurilsk,RU,2020-10-31 20:47:03,50.68,156.12,42.51,75,88,18.84
538,Svetlaya,RU,2020-10-31 20:47:03,46.54,138.33,41.32,67,52,3.53
539,Itaberai,BR,2020-10-31 20:47:03,-16.02,-49.81,71.04,93,100,5.61
540,Konstantinovka,RU,2020-10-31 20:47:03,49.62,127.98,37.9,86,100,12.08
541,Westport,US,2020-10-31 20:44:45,41.14,-73.36,46.99,45,1,3.36
542,Baykit,RU,2020-10-31 20:47:04,61.67,96.37,0.84,89,71,2.89
543,Jesus Carranza,MX,2020-10-31 20:47:04,17.43,-95.03,71.1,85,100,6.85
544,Eluru,IN,2020-10-31 20:44:20,16.7,81.1,75.2,83,20,3.36
545,Santo Domingo,DO,2020-10-31 20:46:59,18.5,-69.99,86.0,79,75,6.29
546,Asosa,ET,2020-10-31 20:47:04,10.07,34.53,62.1,92,1,3.76
547,Pozoblanco,ES,2020-10-31 20:47:04,38.38,-4.85,60.8,72,0,4.7
548,College,US,2020-10-31 20:45:43,64.86,-147.8,8.01,77,90,4.7
549,Anchorage,US,2020-10-31 20:46:46,61.22,-149.9,19.0,66,1,4.7
550,Balugaon,IN,2020-10-31 20:47:05,20.17,85.1,72.28,75,0,2.75
551,Raduzhnyy,RU,2020-10-31 20:47:05,62.1,77.47,30.94,98,100,10.25
552,Kongolo,CD,2020-10-31 20:47:05,-5.38,27.0,70.34,87,17,0.58
553,Marsh Harbour,BS,2020-10-31 20:47:05,26.54,-77.06,79.9,82,4,18.86
554,Flin Flon,CA,2020-10-31 20:47:05,54.77,-101.86,21.2,62,75,17.22
555,Berlevag,NO,2020-10-31 20:47:06,70.86,29.09,35.94,89,100,13.67
556,Faanui,PF,2020-10-31 20:47:06,-16.48,-151.75,79.23,73,1,19.48
557,Bowen,AU,2020-10-31 20:47:06,-20.02,148.23,66.2,93,0,4.7
558,Lowestoft,GB,2020-10-31 20:47:06,52.48,1.75,50.0,99,49,3.0
559,Sola,VU,2020-10-31 20:47:06,-13.88,167.55,81.45,80,52,20.11
560,Iwanai,JP,2020-10-31 20:47:06,42.97,140.51,45.19,84,100,6.24
561,Kauhajoki,FI,2020-10-31 20:47:06,62.43,22.18,45.0,100,90,8.05
562,Tukrah,LY,2020-10-31 20:47:07,32.53,20.58,69.53,70,71,10.4
