city ID,City,Country,Date,Lat,Lng,Max Temp,Humidity,Cloudiness,Wind Speed
0,Sakaiminato,JP,11/1/2020,35.55,133.23,60.8,87,75,9.17
1,Coquimbo,CL,11/1/2020,-29.95,-71.34,55.4,82,75,12.75
2,Rikitea,PF,11/1/2020,-23.12,-134.97,74.62,85,86,22.84
3,Atuona,PF,11/1/2020,-9.8,-139.03,77.47,79,68,15.12
4,Khash,IR,11/1/2020,28.22,61.22,40.87,61,0,2.15
5,East London,ZA,11/1/2020,-33.02,27.91,65.43,83,73,14.47
6,Barrow,US,11/1/2020,71.29,-156.79,28.4,79,90,19.46
7,Bambous Virieux,MU,11/1/2020,-20.34,57.76,69.8,68,40,9.17
8,General Roca,AR,11/1/2020,-39.03,-67.58,89.6,25,0,3.36
9,Lata,PT,11/1/2020,40.16,-8.33,66,92,97,0.69
10,Aquiraz,BR,11/1/2020,-3.9,-38.39,80.6,83,20,6.93
11,Kruisfontein,ZA,11/1/2020,-34,24.73,64,82,26,1.99
12,Jamestown,US,11/1/2020,42.1,-79.24,34,97,90,16.11
13,Nakonde,ZM,11/1/2020,-9.34,32.74,62.15,86,68,6.04
14,Hobart,AU,11/1/2020,-42.88,147.33,64.99,67,75,10.29
15,Kodiak,US,11/1/2020,57.79,-152.41,32,85,90,10.29
16,Port Alfred,ZA,11/1/2020,-33.59,26.89,64.87,86,26,18.48
17,Zavodskoy,RU,11/1/2020,43.46,132.29,37.4,59,0,6.71
18,Carnarvon,AU,11/1/2020,-24.87,113.63,68,72,40,16.11
19,Meulaboh,ID,11/1/2020,4.14,96.13,75.92,88,100,1.66
20,Christchurch,NZ,11/1/2020,-43.53,172.63,57.2,71,100,9.17
21,Camacha,PT,11/1/2020,33.08,-16.33,66.2,82,20,3.36
22,Husavik,IS,11/1/2020,66.04,-17.34,37.4,55,90,5.82
23,Bluff,NZ,11/1/2020,-46.6,168.33,54,65,91,15.01
24,Te Anau,NZ,11/1/2020,-45.42,167.72,55.76,48,90,0.89
25,Saskylakh,RU,11/1/2020,71.92,114.08,-10.08,88,75,10.36
26,Ushuaia,AR,11/1/2020,-54.8,-68.3,59,54,75,18.34
27,Yovon,TJ,11/1/2020,38.31,69.04,42.8,45,98,4.03
28,Vaini,TO,11/1/2020,-21.2,-175.2,78.8,78,75,12.75
29,Constitucion,CL,11/1/2020,-35.33,-72.42,54.3,85,61,6.38
30,Uvarovka,RU,11/1/2020,55.53,35.61,40.21,95,100,7.23
31,Nouadhibou,MR,11/1/2020,20.93,-17.03,78.8,41,100,13.87
32,Ishigaki,JP,11/1/2020,24.34,124.16,75.2,83,75,11.41
33,Saint-Philippe,RE,11/1/2020,-21.36,55.77,69.8,60,75,8.05
34,Vikulovo,RU,11/1/2020,56.82,70.61,31.87,96,98,9.46
35,Bonthe,SL,11/1/2020,7.53,-12.51,79.47,87,0,5.53
36,Iracoubo,GF,11/1/2020,5.48,-53.2,81.91,77,95,10.31
37,Bengkulu,ID,11/1/2020,-3.8,102.27,75.45,88,99,4.56
38,Zhigansk,RU,11/1/2020,66.77,123.37,-0.63,92,88,18.9
39,Beni,CD,11/1/2020,0.5,29.47,61.68,100,84,2.24
40,Mitu,CO,11/1/2020,1.2,-70.17,73.47,98,97,2.21
41,Portsoy,GB,11/1/2020,57.68,-2.69,50,73,97,10
42,Dunedin,NZ,11/1/2020,-45.87,170.5,55.99,58,74,15.01
43,Yellowknife,CA,11/1/2020,62.46,-114.35,16,85,90,14.99
44,Kant,IN,11/1/2020,27.8,79.8,63.32,27,0,5.46
45,Butaritari,KI,11/1/2020,3.07,172.79,81.97,76,23,10.76
46,Cape Town,ZA,11/1/2020,-33.93,18.42,64.4,72,0,8.05
47,Torbay,CA,11/1/2020,47.67,-52.73,37.99,80,20,10.29
48,Tasiilaq,GL,11/1/2020,65.61,-37.64,26.6,86,70,9.17
49,Nizhniy Kislyay,RU,11/1/2020,50.85,40.17,46.71,64,41,11.48
50,Saldanha,ZA,11/1/2020,-33.01,17.94,66.2,63,0,3.36
51,Cockburn Town,TC,11/1/2020,21.46,-71.14,82.4,69,40,11.41
52,Ribeira Grande,PT,11/1/2020,38.52,-28.7,64.44,73,100,16.93
53,Axim,GH,11/1/2020,4.87,-2.24,78.08,90,100,6.85
54,Olga,RU,11/1/2020,43.74,135.29,40.28,70,57,6.6
55,Uni,RU,11/1/2020,57.75,51.49,26.89,97,0,2.28
56,Norman Wells,CA,11/1/2020,65.28,-126.83,6.8,71,20,12.75
57,Hilo,US,11/1/2020,19.73,-155.09,86,58,40,6.93
58,Manakara,MG,11/1/2020,-22.13,48.02,69.85,71,99,3.27
59,Mandera,KE,11/1/2020,3.94,41.87,80.71,65,25,13.06
60,Zhaotong,CN,11/1/2020,27.32,103.72,42.15,79,100,5.75
61,Severo-Kurilsk,RU,11/1/2020,50.68,156.12,42.73,71,1,8.97
62,Albion,US,11/1/2020,42.24,-84.75,33.8,69,75,10.29
63,Haines Junction,CA,11/1/2020,60.75,-137.51,14,56,100,2.24
64,Praia,CV,11/1/2020,14.92,-23.51,78.8,65,20,12.75
65,Busselton,AU,11/1/2020,-33.65,115.33,59,76,72,5.37
66,New Norfolk,AU,11/1/2020,-42.78,147.06,64.99,60,100,1.01
67,Taoudenni,ML,11/1/2020,22.68,-3.98,79.83,17,93,16.49
68,Totma,RU,11/1/2020,59.97,42.76,26.28,97,0,1.36
69,Honningsvag,NO,11/1/2020,70.98,25.97,45.18,83,42,28.68
70,Alofi,NU,11/1/2020,-19.06,-169.92,78.8,83,75,13.87
71,Auki,SB,11/1/2020,-8.77,160.7,86.34,66,84,1.99
72,Airai,TL,11/1/2020,-8.93,125.41,68.5,67,67,2.64
73,Sao Joao Da Barra,BR,11/1/2020,-21.64,-41.05,69.21,77,96,16.69
74,Albany,US,11/1/2020,42.6,-73.97,46.99,98,97,6.76
75,Castro,BR,11/1/2020,-24.79,-50.01,52.79,91,22,8.28
76,Acarau,BR,11/1/2020,-2.89,-40.12,79.88,81,13,15.5
77,Souillac,MU,11/1/2020,-20.52,57.52,69.8,68,40,9.17
78,Luang Prabang,LA,11/1/2020,19.89,102.13,72.09,82,80,1.05
79,Mahebourg,MU,11/1/2020,-20.41,57.7,69.8,68,40,9.17
80,Tuktoyaktuk,CA,11/1/2020,69.45,-133.04,12.2,92,90,17.22
81,San Cristobal,VE,11/1/2020,7.77,-72.22,82.4,74,40,6.93
82,Cidreira,BR,11/1/2020,-30.18,-50.21,62.53,66,15,7.09
83,Hermanus,ZA,11/1/2020,-34.42,19.23,64,83,13,8.01
84,Cabo San Lucas,MX,11/1/2020,22.89,-109.91,88,42,30,1.99
85,Bukachacha,RU,11/1/2020,52.98,116.92,10.31,88,69,4.05
86,Athabasca,CA,11/1/2020,54.72,-113.29,57.2,54,23,6.93
87,Sorland,NO,11/1/2020,67.67,12.69,50.32,78,100,25.55
88,San Patricio,US,11/1/2020,28.02,-97.52,80.6,39,20,14.99
89,Cherskiy,RU,11/1/2020,68.75,161.3,2.17,93,99,4.9
90,Punta Arenas,CL,11/1/2020,-53.15,-70.92,53.6,76,75,11.41
91,Mar Del Plata,AR,11/1/2020,-38,-57.56,60.8,67,0,8.05
92,Mahibadhoo,MV,11/1/2020,3.78,72.97,81.88,73,73,5.77
93,Clyde River,CA,11/1/2020,70.47,-68.59,12.2,85,40,8.05
94,Dharchula,IN,11/1/2020,29.85,80.53,55.69,43,0,6.44
95,Urumqi,CN,11/1/2020,43.8,87.6,35.6,59,0,6.71
96,Georgetown,MY,11/1/2020,5.41,100.34,78.8,88,20,3.36
97,Longyearbyen,SJ,11/1/2020,78.22,15.64,33.8,74,0,29.97
98,Mataura,NZ,11/1/2020,-46.19,168.86,54,65,50,15.01
99,Pitimbu,BR,11/1/2020,-7.47,-34.81,78.8,83,20,10.29
100,Kahului,US,11/1/2020,20.89,-156.47,89.6,52,40,12.75
101,Nikolskoye,RU,11/1/2020,59.7,30.79,33.8,100,90,6.71
102,Talnakh,RU,11/1/2020,69.49,88.4,21.2,85,75,11.18
103,Astara,AZ,11/1/2020,38.5,48.67,59,93,40,2.24
104,Chuy,UY,11/1/2020,-33.7,-53.46,54.01,79,0,6.31
105,Ahipara,NZ,11/1/2020,-35.17,173.17,71.15,65,100,7.99
106,Chokurdakh,RU,11/1/2020,70.63,147.92,0.21,94,100,10.96
107,Burns Lake,CA,11/1/2020,54.23,-125.75,53.6,66,98,6.93
108,Baykit,RU,11/1/2020,61.67,96.37,21.74,95,100,5.1
109,Emba,KZ,11/1/2020,48.83,58.14,44.35,55,68,3.22
110,Avarua,CK,11/1/2020,-21.21,-159.78,77,88,71,14.99
111,Hambantota,LK,11/1/2020,6.12,81.12,78.94,81,89,5.19
112,Hithadhoo,MV,11/1/2020,-0.6,73.08,83.34,74,100,9.42
113,Coihaique,CL,11/1/2020,-45.58,-72.07,73.4,23,0,4.7
114,Puerto Ayora,EC,11/1/2020,-0.74,-90.35,71.01,89,83,5.99
115,Upernavik,GL,11/1/2020,72.79,-56.15,16.47,92,97,3.74
116,Ginda,IN,11/1/2020,30.69,78.49,50.94,47,0,6.6
117,Otradnoye,RU,11/1/2020,59.78,30.82,33.8,100,90,6.71
118,Bethel,US,11/1/2020,41.37,-73.41,52,93,90,4.7
119,Majene,ID,11/1/2020,-3.54,118.97,80.1,82,100,4.85
120,Zheshart,RU,11/1/2020,62.07,49.57,27.48,97,42,4.76
121,Biltine,TD,11/1/2020,14.53,20.92,81.9,26,47,8.66
122,Kapaa,US,11/1/2020,22.08,-159.32,82.4,74,20,13.87
123,San Pedro,PH,11/1/2020,14.35,121.02,78.01,94,90,3.36
124,Hasaki,JP,11/1/2020,35.73,140.83,57.2,93,75,1.12
125,Penarroya-Pueblonuevo,ES,11/1/2020,38.3,-5.27,57.2,82,0,1.12
126,Petropavlovsk-Kamchatskiy,RU,11/1/2020,53.05,158.65,33.8,69,5,6.71
127,Siloam Springs,US,11/1/2020,36.19,-94.54,57.2,24,1,10.29
128,Tura,IN,11/1/2020,25.52,90.22,68.56,96,100,1.88
129,Asau,RO,11/1/2020,46.43,26.4,39,92,2,5.84
130,Ponta Do Sol,PT,11/1/2020,32.67,-17.1,69.01,64,20,3.36
131,Fortuna,US,11/1/2020,40.6,-124.16,66,63,1,8.05
132,Seoul,KR,11/1/2020,37.57,126.98,42.8,100,1,2.84
133,Qaanaaq,GL,11/1/2020,77.48,-69.36,2.66,74,0,7.16
134,Umm Lajj,SA,11/1/2020,25.02,37.27,77.83,65,3,3.85
135,Mehamn,NO,11/1/2020,71.04,27.85,39.2,86,0,25.28
136,Dikson,RU,11/1/2020,73.51,80.55,18.55,98,99,9.01
137,Aksarka,RU,11/1/2020,66.56,67.8,24.51,95,10,13.13
138,Lazaro Cardenas,MX,11/1/2020,17.96,-102.2,84.42,70,1,8.16
139,Kimbe,PG,11/1/2020,-5.55,150.14,86.85,64,4,2.17
140,Flinders,AU,11/1/2020,-34.58,150.86,68,69,75,7
141,Imeni Poliny Osipenko,RU,11/1/2020,52.42,136.49,27.86,98,100,11.81
142,Bredasdorp,ZA,11/1/2020,-34.53,20.04,64.4,88,47,10.29
143,Half Moon Bay,US,11/1/2020,37.46,-122.43,79,60,5,5.82
144,Byumba,RW,11/1/2020,-1.58,30.07,64.4,88,40,3.36
145,Bembibre,ES,11/1/2020,42.62,-6.42,60.01,99,89,1.99
146,Menongue,AO,11/1/2020,-14.66,17.69,73.33,42,73,3.42
147,Andrushivka,UA,11/1/2020,50.02,29.02,43.99,87,100,10.83
148,Lazo,RU,11/1/2020,43.38,133.9,37.18,77,10,3.56
149,Port Elizabeth,ZA,11/1/2020,-33.92,25.57,64.4,88,0,10.29
150,Victoria,HK,11/1/2020,22.29,114.16,75,71,76,1.01
151,Solwezi,ZM,11/1/2020,-12.17,26.39,63.43,59,16,4.14
152,Provideniya,RU,11/1/2020,64.38,-173.3,23,67,0,4.47
153,Pisco,PE,11/1/2020,-13.7,-76.22,64.4,82,90,13.87
154,Ancud,CL,11/1/2020,-41.87,-73.82,59,72,57,6.93
155,Tahe,CN,11/1/2020,52.33,124.73,9.99,93,100,12.03
156,Honiara,SB,11/1/2020,-9.43,159.95,87.8,70,20,5.82
157,Cermik,TR,11/1/2020,38.14,39.45,66.2,32,75,4.7
158,Narsaq,GL,11/1/2020,60.92,-46.05,21.2,73,0,4.7
159,Diourbel,SN,11/1/2020,14.66,-16.39,78.8,57,0,7.45
160,Arraial Do Cabo,BR,11/1/2020,-22.97,-42.03,69.04,75,74,18.9
161,Champerico,GT,11/1/2020,14.3,-91.92,87.8,70,40,9.17
162,Brae,GB,11/1/2020,60.4,-1.35,51.8,71,80,33.33
163,Wattegama,LK,11/1/2020,6.8,81.48,74.82,90,100,2.51
164,Geraldton,AU,11/1/2020,-28.77,114.6,57.2,87,90,8.05
165,Ilulissat,GL,11/1/2020,69.22,-51.1,17.6,72,100,2.24
166,Sinop,TR,11/1/2020,41.77,34.87,43.9,69,0,9.46
167,Hobyo,SO,11/1/2020,5.35,48.53,80.13,76,0,2.73
168,Taltal,CL,11/1/2020,-25.4,-70.48,59.83,69,21,5.84
169,Adrar,MR,11/1/2020,20.5,-10.07,79.9,17,100,9.46
170,Oranjemund,NA,11/1/2020,-28.55,16.43,62.6,65,0,6.15
171,Abha,SA,11/1/2020,18.22,42.51,60.8,30,0,1.54
172,Luohe,CN,11/1/2020,33.57,114.04,54.54,40,50,5.23
173,Katsuura,JP,11/1/2020,35.13,140.3,64.4,88,75,4.7
174,Jiuquan,CN,11/1/2020,39.74,98.52,32.22,82,0,3.69
175,Cap Malheureux,MU,11/1/2020,-19.98,57.61,68,69,32,3
176,Lebu,CL,11/1/2020,-37.62,-73.65,54.54,90,69,7.09
177,Natal,BR,11/1/2020,-5.79,-35.21,80.6,78,40,10.29
178,Buenos Aires,AR,11/1/2020,-34.61,-58.38,70,52,0,14.99
179,Saint George,US,11/1/2020,37.1,-113.58,81,10,1,3.71
180,Songea,TZ,11/1/2020,-10.68,35.65,67.3,68,88,4.85
181,Old Saybrook,US,11/1/2020,41.29,-72.38,55,100,90,3.36
182,Namibe,AO,11/1/2020,-15.2,12.15,72.52,72,39,5.21
183,Najran,SA,11/1/2020,17.49,44.13,62.6,29,0,1.07
184,Anadyr,RU,11/1/2020,64.75,177.48,15.8,85,75,2.24
185,Creston,US,11/1/2020,41.06,-94.36,42.8,33,1,9.17
186,Byron Bay,AU,11/1/2020,-28.65,153.62,73.99,64,40,17.22
187,Tazovskiy,RU,11/1/2020,67.47,78.7,21.72,97,98,15.84
188,Batagay-Alyta,RU,11/1/2020,67.8,130.41,-10.16,85,84,1.7
189,Kualakapuas,ID,11/1/2020,-3.01,114.39,74.26,96,100,3.15
190,Lagoa,PT,11/1/2020,39.05,-27.98,63.28,72,95,16.55
191,Iqaluit,CA,11/1/2020,63.75,-68.51,12.2,85,75,4.7
192,Shelburne,CA,11/1/2020,44.08,-80.2,35.6,74,20,12.75
193,Bocanda,CI,11/1/2020,7.06,-4.5,74.07,95,1,5.26
194,Lakes Entrance,AU,11/1/2020,-37.88,147.98,66.99,81,89,1.99
195,Ifakara,TZ,11/1/2020,-8.13,36.68,74.97,79,76,6.35
196,Ust-Nera,RU,11/1/2020,64.57,143.2,-15.32,79,50,5.12
197,Buriti Dos Lopes,BR,11/1/2020,-3.17,-41.87,78.42,83,39,6.13
198,Guaruja,BR,11/1/2020,-23.99,-46.26,64.99,26,80,8.05
199,Boyolangu,ID,11/1/2020,-8.12,111.89,76.3,85,93,1.68
200,Faanui,PF,11/1/2020,-16.48,-151.75,80.26,79,27,20.31
201,Piranshahr,IR,11/1/2020,36.7,45.14,46.87,52,0,3.96
202,Suntar,RU,11/1/2020,62.14,117.63,0.18,92,6,6.4
203,Pangnirtung,CA,11/1/2020,66.15,-65.71,9.84,85,89,3.56
204,Myitkyina,MM,11/1/2020,25.38,97.4,69.48,97,100,2.71
205,Tilichiki,RU,11/1/2020,60.47,166.1,27.14,94,52,5.17
206,Neiafu,TO,11/1/2020,-18.65,-173.98,80.6,78,75,12.75
207,Ereymentau,KZ,11/1/2020,51.62,73.1,34.79,83,100,5.06
208,Yasnyy,RU,11/1/2020,51.03,59.87,36.54,93,4,13.02
209,Borogontsy,RU,11/1/2020,62.67,131.17,-16.89,88,6,1.34
210,Trapani,IT,11/1/2020,37.83,12.67,66,87,0,3.36
211,Ambilobe,MG,11/1/2020,-13.2,49.05,72.97,68,78,6.98
212,Port Hueneme,US,11/1/2020,34.15,-119.2,75.2,73,40,5.82
213,Kirovskiy,RU,11/1/2020,45.09,133.51,37.08,80,43,7.09
214,Someshwar,IN,11/1/2020,13.5,75.07,75.2,94,75,4.7
215,Henties Bay,NA,11/1/2020,-22.12,14.28,55,91,31,5.3
216,Sheridan,US,11/1/2020,44.83,-106.92,64.4,25,1,3.36
217,Karratha,AU,11/1/2020,-20.74,116.85,74.03,64,97,11.86
218,Kavieng,PG,11/1/2020,-2.57,150.8,85.69,67,1,5.75
219,Jumla,NP,11/1/2020,29.27,82.18,44.47,59,0,5.73
220,Moron,AR,11/1/2020,-34.65,-58.62,70,34,0,1.99
221,Korla,CN,11/1/2020,41.76,86.15,36,59,23,7
222,Bathurst,AU,11/1/2020,-33.42,149.58,61,60,0,3
223,Lismore,AU,11/1/2020,-28.81,153.28,73.99,60,0,9.17
224,Leninsk,RU,11/1/2020,48.71,45.2,44.6,52,0,15.66
225,Vilyuysk,RU,11/1/2020,63.76,121.62,-2.31,92,2,7.09
226,Asfi,MA,11/1/2020,32.3,-9.24,66.34,82,22,14.03
227,Havelock,US,11/1/2020,34.88,-76.9,66.99,88,90,12.75
228,Manokwari,ID,11/1/2020,-0.87,134.08,84.38,68,100,5.35
229,Zemio,CF,11/1/2020,5.03,25.14,70.14,92,95,1.54
230,Thompson,CA,11/1/2020,55.74,-97.86,24.8,85,75,9.17
231,Tiksi,RU,11/1/2020,71.69,128.87,-4.99,89,0,6.91
232,Manaure,CO,11/1/2020,11.78,-72.44,82.83,78,100,11.81
233,Bandarbeyla,SO,11/1/2020,9.49,50.81,76.68,77,0,18.54
234,Kaeo,NZ,11/1/2020,-35.1,173.78,73.99,77,100,5.99
235,Nyurba,RU,11/1/2020,63.28,118.33,0.79,92,47,8.86
236,Kasama,ZM,11/1/2020,-10.21,31.18,64.51,75,83,4.7
237,Taiyuan,CN,11/1/2020,37.87,112.56,30.2,68,0,2.24
238,Marondera,ZW,11/1/2020,-18.19,31.55,57,82,9,5.55
239,Palmer,US,11/1/2020,42.16,-72.33,50,100,90,3.36
240,Port Hardy,CA,11/1/2020,50.7,-127.42,55.4,66,75,6.93
241,Saint-Augustin,CA,11/1/2020,51.23,-58.65,36.95,88,83,23.55
242,Portland,US,11/1/2020,45.52,-122.68,66,39,1,10.29
243,Hvolsvollur,IS,11/1/2020,63.75,-20.22,35.01,83,2,8.99
244,Ulaangom,MN,11/1/2020,49.98,92.07,24.75,95,74,3.56
245,Saint-Joseph,RE,11/1/2020,-21.37,55.62,69.8,60,75,8.05
246,Atbasar,KZ,11/1/2020,51.8,68.33,38.08,87,99,10.51
247,Huejuquilla El Alto,MX,11/1/2020,22.6,-103.87,77.86,24,4,12.97
248,Lebowakgomo,ZA,11/1/2020,-24.2,29.5,57.2,87,0,12.75
249,Ihosy,MG,11/1/2020,-22.4,46.12,62.35,78,87,8.21
250,Coos Bay,US,11/1/2020,43.37,-124.22,66.99,72,1,6.93
251,Necochea,AR,11/1/2020,-38.55,-58.74,64,57,32,5.99
252,Olafsvik,IS,11/1/2020,64.89,-23.71,36.79,81,52,17
253,Kavaratti,IN,11/1/2020,10.57,72.64,80.92,72,0,2.95
254,Port Macquarie,AU,11/1/2020,-31.43,152.92,62.6,93,90,13.87
255,Sao Filipe,CV,11/1/2020,14.9,-24.5,79.21,76,75,11.48
256,Colgong,IN,11/1/2020,25.27,87.22,72.32,60,36,5.28
257,Vardo,NO,11/1/2020,70.37,31.11,41,93,75,14.99
258,Russell,US,11/1/2020,32.35,-85.2,73.4,49,1,9.17
259,Pasni,PK,11/1/2020,25.26,63.47,73.33,26,0,12.95
260,Nishihara,JP,11/1/2020,26.18,127.76,73.4,83,20,4.29
261,Vostok,RU,11/1/2020,46.49,135.88,29.16,99,71,3.47
262,Asaka,JP,11/1/2020,35.8,139.6,61,28,24,3.8
263,Hervey Bay,AU,11/1/2020,-25.3,152.85,79,76,0,8.99
264,Kulhudhuffushi,MV,11/1/2020,6.62,73.07,82.22,68,28,4.5
265,Shebunino,RU,11/1/2020,46.43,141.86,51.69,90,88,9.8
266,Algiers,DZ,11/1/2020,36.75,3.04,51.8,93,20,1.12
267,San Jose,US,11/1/2020,37.34,-121.89,84,27,75,5.82
268,Bubaque,GW,11/1/2020,11.28,-15.83,83.44,78,0,15.3
269,Khandyga,RU,11/1/2020,62.67,135.6,-12.39,86,0,2.26
270,Bousso,TD,11/1/2020,10.48,16.71,79.99,59,81,4.09
271,Matagami,CA,11/1/2020,49.75,-77.63,32,97,90,14.99
272,Carndonagh,IE,11/1/2020,55.25,-7.27,45.03,85,97,10.11
273,Le Port,RE,11/1/2020,-20.94,55.29,64.4,72,0,6.93
274,Yarke Pole,UA,11/1/2020,45.61,34.32,50.45,83,99,10.67
275,Salalah,OM,11/1/2020,17.02,54.09,75.2,53,0,4.7
276,Kaitangata,NZ,11/1/2020,-46.28,169.85,53.01,66,51,10
277,Sorong,ID,11/1/2020,-0.88,131.25,81.57,81,98,6.44
278,Carutapera,BR,11/1/2020,-1.2,-46.02,78.82,80,99,6.2
279,San-Pedro,CI,11/1/2020,4.75,-6.64,77.05,91,38,5.99
280,Poitiers,FR,11/1/2020,46.58,0.33,63,88,90,11.41
281,Cervo,ES,11/1/2020,43.67,-7.41,69.01,1,52,10.96
282,Morwa,IN,11/1/2020,22.9,73.83,69.64,35,23,6.17
283,Fuxin,CN,11/1/2020,42.02,121.66,36.01,63,24,11.63
284,Crotone,IT,11/1/2020,39.09,17.12,63.59,72,43,2.24
285,Dingle,PH,11/1/2020,11,122.67,78.44,88,97,7.16
286,Padang,ID,11/1/2020,-0.95,100.35,77.63,72,99,2.8
287,Fare,PF,11/1/2020,-16.7,-151.02,80.83,78,12,22.26
288,Codrington,AU,11/1/2020,-38.27,141.97,64.92,72,69,7.05
289,Kaman,IN,11/1/2020,27.65,77.27,65.73,25,0,6.04
290,Akhalgori,GE,11/1/2020,42.13,44.48,55.4,62,0,4.7
291,San Policarpo,PH,11/1/2020,12.18,125.51,78.13,86,91,4.32
292,Nouakchott,MR,11/1/2020,18.09,-15.98,77,57,100,8.05
293,Tabou,CI,11/1/2020,4.42,-7.35,77.67,88,24,5.46
294,Tiznit,MA,11/1/2020,29.58,-9.5,70.16,27,0,3.2
295,Madisonville,US,11/1/2020,37.33,-87.5,51.8,23,1,10.29
296,Gat,IL,11/1/2020,31.61,34.76,73.99,71,100,1.68
297,Grand Gaube,MU,11/1/2020,-20.01,57.66,68,69,26,4
298,Vila Franca Do Campo,PT,11/1/2020,37.72,-25.43,62.6,82,75,24.16
299,Los Llanos De Aridane,ES,11/1/2020,28.66,-17.92,75.2,31,0,9.17
300,Praia Da Vitoria,PT,11/1/2020,38.73,-27.07,64,93,75,15.9
301,Laguna,US,11/1/2020,38.42,-121.42,81,22,1,4.7
302,La Maddalena,IT,11/1/2020,41.21,9.41,55.4,93,90,3.36
303,Balkanabat,TM,11/1/2020,39.51,54.37,68.67,28,0,4.18
304,Hofn,IS,11/1/2020,64.25,-15.21,36.75,75,0,20.56
305,Altay,CN,11/1/2020,47.87,88.12,29.25,78,0,3.15
306,Pevek,RU,11/1/2020,69.7,170.31,15.24,93,98,11.5
307,Kapoeta,SS,11/1/2020,4.77,33.59,78.08,63,73,11.41
308,Atambua,ID,11/1/2020,-9.11,124.89,81.28,59,43,1.61
309,Ambulu,ID,11/1/2020,-8.35,113.61,76.78,86,84,2.84
310,Coruripe,BR,11/1/2020,-10.13,-36.18,78.39,78,25,14.9
311,Lorengau,PG,11/1/2020,-2.02,147.27,86.07,67,19,5.57
312,Tutoia,BR,11/1/2020,-2.76,-42.27,80.74,81,42,11.01
313,Kenai,US,11/1/2020,60.55,-151.26,26.01,38,1,24.16
314,Bilma,NE,11/1/2020,18.69,12.92,70.45,25,0,6.22
315,Mandapam,IN,11/1/2020,9.28,79.12,81.54,75,7,6.06
316,Leeuwarden,NL,11/1/2020,53.2,5.81,63,93,90,20.8
317,Broken Hill,AU,11/1/2020,-31.95,141.43,71.6,49,0,11.41
318,Lamu,KE,11/1/2020,-2.27,40.9,78.8,83,20,4.7
319,Mayumba,GA,11/1/2020,-3.43,10.66,76.89,89,100,2.59
320,Hot Springs,US,11/1/2020,34.5,-93.06,68,22,1,8.05
321,Guane,CU,11/1/2020,22.2,-84.09,78.22,87,34,10.38
322,Pacific Grove,US,11/1/2020,36.62,-121.92,82.99,59,1,5.82
323,Stabat,ID,11/1/2020,3.76,98.45,72.86,92,82,2.59
324,Luba,GQ,11/1/2020,3.46,8.55,78.8,100,20,1.12
325,Guerrero Negro,MX,11/1/2020,27.98,-114.06,78.76,39,15,12.03
326,Merauke,ID,11/1/2020,-8.47,140.33,83.25,72,90,10.18
327,Awbari,LY,11/1/2020,26.59,12.78,60.04,55,0,5.5
328,Raton,US,11/1/2020,36.9,-104.44,66.2,19,1,12.75
329,Isiolo,KE,11/1/2020,0.35,37.58,68.58,73,38,8.05
330,Ostrovnoy,RU,11/1/2020,68.05,39.51,38.35,91,100,22.55
331,Maceio,BR,11/1/2020,-9.67,-35.74,77,83,0,10.29
332,Liverpool,GB,11/1/2020,53.41,-2.98,62.01,87,75,17.22
333,Cravo Norte,CO,11/1/2020,6.3,-70.2,76.95,88,69,7.74
334,Dong Hoi,VN,11/1/2020,17.48,106.6,74.19,88,72,9.73
335,Chazuta,PE,11/1/2020,-6.57,-76.14,86,62,40,3.36
336,Kamenka,RU,11/1/2020,51.32,42.77,41.27,78,20,8.12
337,Paita,PE,11/1/2020,-5.09,-81.11,63.72,85,78,15.93
338,Shahrud,IR,11/1/2020,36.42,54.98,53.02,41,9,2.08
339,Vestmannaeyjar,IS,11/1/2020,63.44,-20.27,39.27,73,0,17.54
340,Martapura,ID,11/1/2020,-3.42,114.85,75.07,94,100,3.04
341,Richmond,US,11/1/2020,37.55,-77.46,57.99,87,20,8.05
342,Luderitz,NA,11/1/2020,-26.65,15.16,64.71,55,61,11.81
343,Port Hedland,AU,11/1/2020,-20.32,118.57,77,69,75,11.41
344,Zarubino,RU,11/1/2020,42.63,131.09,40.8,65,0,18.9
345,Matamoros,MX,11/1/2020,25.53,-103.25,76.64,20,0,23.04
346,Bairiki,KI,11/1/2020,1.33,172.98,86,70,40,9.17
347,Acapulco,MX,11/1/2020,16.86,-99.89,83.98,70,92,7.36
348,Gamba,GA,11/1/2020,-2.65,10,76.41,91,100,4
349,Lompoc,US,11/1/2020,34.64,-120.46,78.8,44,1,10.29
350,Turkistan,KZ,11/1/2020,43,68,38.34,72,8,1.03
351,Sawtell,AU,11/1/2020,-30.38,153.1,69.8,64,90,20.8
352,Roald,NO,11/1/2020,62.58,6.13,48.2,76,40,13.87
353,Nsanje,MW,11/1/2020,-16.92,35.26,70.68,81,5,3.53
354,Rawson,AR,11/1/2020,-43.3,-65.1,78.98,23,29,23.26
355,Almeirim,BR,11/1/2020,-1.52,-52.58,85.59,48,52,4.23
356,Zhanaozen,KZ,11/1/2020,43.3,52.8,57.27,30,0,13.44
357,Fort Nelson,CA,11/1/2020,58.81,-122.7,15.8,78,90,10.29
358,Hiroshima,JP,11/1/2020,34.4,132.46,64.4,100,75,1.12
359,Kysyl-Syr,RU,11/1/2020,63.9,122.76,-2.52,91,43,6.53
360,Saba,HN,11/1/2020,15.47,-86.25,75.2,94,90,3.36
361,Rosetown,CA,11/1/2020,51.55,-108,55.4,28,36,12.75
362,Hatillo,PR,11/1/2020,18.49,-66.83,82,74,1,10.29
363,Beringovskiy,RU,11/1/2020,63.05,179.32,24.13,95,100,2.98
364,Bathsheba,BB,11/1/2020,13.22,-59.52,82.4,78,40,23.04
365,Yambio,SS,11/1/2020,4.57,28.4,68.74,97,100,2.39
366,Nkhata Bay,MW,11/1/2020,-11.61,34.29,74.61,72,76,3.74
367,Sola,VU,11/1/2020,-13.88,167.55,80.98,82,67,18.12
368,Erattupetta,IN,11/1/2020,9.7,76.78,77,94,75,4.7
369,Gigmoto,PH,11/1/2020,13.78,124.39,80.1,81,100,5.88
370,Jacareacanga,BR,11/1/2020,-6.22,-57.75,74.35,97,100,3.2
371,Talara,PE,11/1/2020,-4.58,-81.27,64.45,86,68,14.45
372,Avera,US,11/1/2020,33.19,-82.53,64.4,72,1,6.93
373,Kalmunai,LK,11/1/2020,7.42,81.82,78.35,79,42,5.44
374,Vakhrushev,RU,11/1/2020,48.98,142.97,48.51,94,100,18.88
375,Cabo Rojo,PR,11/1/2020,18.09,-67.15,82.99,74,40,1.01
376,Carauari,BR,11/1/2020,-4.88,-66.9,77.83,79,74,2.53
377,Veraval,IN,11/1/2020,20.9,70.37,78.6,37,49,13.47
378,Teruel,ES,11/1/2020,40.67,-0.67,55.4,61,0,3.36
379,Lavrentiya,RU,11/1/2020,65.58,-171,22.73,87,9,4.21
380,Borba,BR,11/1/2020,-4.39,-59.59,75.94,94,100,3
381,Ribas Do Rio Pardo,BR,11/1/2020,-20.44,-53.76,75.09,51,52,9.17
382,Komsomolskiy,UZ,11/1/2020,40.43,71.72,46.4,33,100,6.93
383,Mattru,SL,11/1/2020,7.62,-11.83,74.91,96,7,2.15
384,Saint-Quentin,FR,11/1/2020,49.83,3.33,64,93,90,23.04
385,Hokitika,NZ,11/1/2020,-42.72,170.97,56.79,78,100,3
386,Craig,US,11/1/2020,40.52,-107.55,66.2,19,1,9.17
387,Makakilo City,US,11/1/2020,21.35,-158.09,84.2,62,90,8.05
388,Maniitsoq,GL,11/1/2020,65.42,-52.9,23.77,96,100,8.55
389,Itarema,BR,11/1/2020,-2.92,-39.92,79.92,80,1,15.77
390,Krasnyy Kommunar,RU,11/1/2020,51.96,55.37,33.8,86,0,11.18
391,Maine-Soroa,NE,11/1/2020,13.21,12.02,78.4,22,63,9.08
392,Khatanga,RU,11/1/2020,71.97,102.5,5.32,95,99,6.17
393,Tambilil,PH,11/1/2020,5.96,124.67,82.24,68,100,3.27
394,Mount Gambier,AU,11/1/2020,-37.83,140.77,60.8,82,56,9.17
395,Tabory,RU,11/1/2020,58.52,64.55,25.72,98,0,4.34
396,Salas,ES,11/1/2020,43.41,-6.26,62.6,88,20,3.36
397,Poya,NC,11/1/2020,-21.35,165.15,84.15,53,47,2.84
398,Aripuana,BR,11/1/2020,-9.17,-60.63,72.41,99,100,1.48
399,Fairbanks,US,11/1/2020,64.84,-147.72,3.99,77,40,1.45
400,Lukovetskiy,RU,11/1/2020,64.3,41.92,32,96,90,4.47
401,Esperance,AU,11/1/2020,-33.87,121.9,64.4,100,40,13.87
402,Powell River,CA,11/1/2020,49.85,-124.54,51.8,76,75,4.7
403,Ritto,JP,11/1/2020,35.04,135.98,63,84,98,2.73
404,Srednekolymsk,RU,11/1/2020,67.45,153.68,-3.5,91,100,7.38
405,Klaksvik,FO,11/1/2020,62.23,-6.59,42.8,93,89,5.82
406,Borehamwood,GB,11/1/2020,51.65,-0.28,62.6,88,75,18.34
407,Kisanga,TZ,11/1/2020,-7.44,37.7,73.17,86,53,5.1
408,Boende,CD,11/1/2020,-0.22,20.87,71.22,97,99,2.13
409,Leningradskiy,RU,11/1/2020,69.38,178.42,15.48,82,85,5.66
410,Nador,MA,11/1/2020,35.17,-2.93,60.8,87,0,3.36
411,Andapa,MG,11/1/2020,-14.65,49.65,57.99,90,32,2.55
412,Guymon,US,11/1/2020,36.68,-101.48,68,28,1,19.46
413,Moose Factory,CA,11/1/2020,51.26,-80.61,28.4,79,90,21.92
414,Artsyz,UA,11/1/2020,45.99,29.42,48.79,78,100,13.31
415,Columbia,US,11/1/2020,34,-81.03,69.8,52,1,11.41
416,Mandalgovi,MN,11/1/2020,45.76,106.27,14.67,88,0,3.38
417,Nanortalik,GL,11/1/2020,60.14,-45.24,32.2,84,0,39.17
418,Conceicao Da Barra,BR,11/1/2020,-18.59,-39.73,68.49,86,100,8.23
419,Caravelas,BR,11/1/2020,-17.71,-39.25,71.02,84,100,9.98
420,Ballina,AU,11/1/2020,-28.87,153.57,73.99,64,40,17.22
421,Yarada,IN,11/1/2020,17.65,83.27,78.8,94,0,2.24
422,Mugur-Aksy,RU,11/1/2020,50.35,90.5,20.07,83,70,4.7
423,Sergeyevka,KZ,11/1/2020,53.88,67.42,30.15,98,13,5.41
424,Araouane,ML,11/1/2020,18.9,-3.53,84.7,14,100,6.53
425,Umm Kaddadah,SD,11/1/2020,13.6,26.69,81.72,23,2,20.58
426,Chapais,CA,11/1/2020,49.78,-74.85,32,100,90,10.29
427,Isangel,VU,11/1/2020,-19.55,169.27,80.6,78,75,9.17
428,Koungou,YT,11/1/2020,-12.73,45.2,73.4,88,0,3.36
429,Diapaga,BF,11/1/2020,12.07,1.79,79.14,24,8,3.83
430,Kachiry,KZ,11/1/2020,53.07,76.1,38.53,79,100,8.72
431,Kem,RU,11/1/2020,64.96,34.58,34.9,90,99,12.21
432,Bayan,CN,11/1/2020,46.08,127.4,33.01,58,0,10.74
433,Voyvozh,RU,11/1/2020,62.89,54.96,24.15,98,67,6.91
434,Pimenteiras,BR,11/1/2020,-6.25,-41.42,83.07,58,84,1.05
435,Buenaventura,CO,11/1/2020,3.88,-77.03,66,74,82,2.91
436,Omsukchan,RU,11/1/2020,62.53,155.8,15.12,94,100,6.29
437,Concarneau,FR,11/1/2020,47.88,-3.92,60.8,100,90,21.92
438,Itoman,JP,11/1/2020,26.12,127.67,73.4,83,20,5.82
439,Torit,SS,11/1/2020,4.41,32.57,73.04,74,55,0.47
440,Bobcaygeon,CA,11/1/2020,44.55,-78.54,35.6,94,75,16.11
441,Igrim,RU,11/1/2020,63.19,64.42,28.08,96,57,8.01
442,Sembakung,ID,11/1/2020,3.82,117.25,74.03,96,99,2.01
443,Fonte Boa,BR,11/1/2020,-2.5,-66.27,75.67,86,5,1.41
444,Ambon,ID,11/1/2020,-3.7,128.18,84,93,100,7.14
445,Surt,LY,11/1/2020,31.21,16.59,70.29,60,10,8.86
446,Kaili,ID,11/1/2020,-3.46,120.21,71.55,91,100,0.63
447,Tautira,PF,11/1/2020,-17.73,-149.15,84.2,66,75,8.05
448,Shieli,KZ,11/1/2020,44.17,66.75,38.23,74,0,2.3
449,Anahuac,MX,11/1/2020,27.23,-100.15,80.13,30,0,9.15
450,College,US,11/1/2020,64.86,-147.8,3.99,70,75,1.48
451,Sitka,US,11/1/2020,57.05,-135.33,44.6,93,90,6.93
452,Northam,GB,11/1/2020,51.03,-4.22,62.01,95,100,18.99
453,Paamiut,GL,11/1/2020,61.99,-49.67,25.68,95,87,6.93
454,Yerbogachen,RU,11/1/2020,61.28,108.01,6.75,92,24,9.46
455,Kirensk,RU,11/1/2020,57.79,108.11,11.03,90,0,2.93
456,Beloha,MG,11/1/2020,-25.17,45.05,66.81,80,16,16.96
457,Kongolo,CD,11/1/2020,-5.38,27,70.88,89,38,0.34
458,Raudeberg,NO,11/1/2020,61.99,5.14,46.99,86,98,22.59
459,Williston,US,11/1/2020,48.15,-103.62,53.01,39,46,1.01
460,Muyezerskiy,RU,11/1/2020,63.93,31.65,35.6,87,100,11.07
461,Chihuahua,MX,11/1/2020,28.5,-106,75.99,23,100,5.99
462,Oparino,RU,11/1/2020,59.85,48.28,25.47,97,0,2.42
463,Harlingen,US,11/1/2020,26.19,-97.7,78.8,44,1,17.22
464,Severobaykalsk,RU,11/1/2020,55.65,109.32,13.12,76,0,4.23
465,Punto Fijo,VE,11/1/2020,11.7,-70.2,84.97,70,85,10.09
466,Wolbrom,PL,11/1/2020,50.38,19.76,48.99,97,100,1.99
467,Arman,RU,11/1/2020,59.7,150.17,31.19,95,100,6.4
468,Imbituba,BR,11/1/2020,-28.24,-48.67,66.2,63,20,4.7
469,Kaihua,CN,11/1/2020,23.37,104.28,61.63,90,100,3.65
470,Kerema,PG,11/1/2020,-7.96,145.78,84,73,82,8.97
471,Gondar,ET,11/1/2020,12.6,37.47,57.63,55,3,6.71
472,Nome,US,11/1/2020,64.5,-165.41,19.99,73,1,4.16
473,Vilhena,BR,11/1/2020,-12.74,-60.15,76.37,64,68,3.42
474,Solnechnyy,RU,11/1/2020,50.72,136.63,31.73,95,34,3.4
475,Bosaso,SO,11/1/2020,11.28,49.18,76.87,73,0,2.24
476,Bilgram,IN,11/1/2020,27.18,80.03,64.76,26,0,5.3
477,Skibbereen,IE,11/1/2020,51.55,-9.27,51.8,93,75,14.99
478,Zhezkazgan,KZ,11/1/2020,47.8,67.71,36.88,63,34,2.01
479,Grindavik,IS,11/1/2020,63.84,-22.43,35.6,74,90,5.82
480,Khed Brahma,IN,11/1/2020,24.03,73.05,68.52,25,0,5.06
481,Melilla,ES,11/1/2020,35.29,-2.94,60.8,87,0,3.36
482,Shimoda,JP,11/1/2020,34.67,138.95,62.01,76,24,1.01
483,Sao Borja,BR,11/1/2020,-28.66,-56,65.73,60,0,12.12
484,Flin Flon,CA,11/1/2020,54.77,-101.86,35.6,74,75,8.05
485,Vallenar,CL,11/1/2020,-28.57,-70.76,66.09,34,0,4.5
486,Fukue,JP,11/1/2020,32.69,128.84,66.34,79,100,13.22
487,Alice Springs,AU,11/1/2020,-23.7,133.88,78.8,15,0,8.05
488,Whitehorse,CA,11/1/2020,60.72,-135.05,8.01,71,90,12.75
489,Dori,BF,11/1/2020,14.04,-0.03,82.94,15,0,8.43
490,Ulladulla,AU,11/1/2020,-35.35,150.47,64,77,40,9.17
491,Chifeng,CN,11/1/2020,42.27,118.96,28.35,78,23,11.61
492,Port Keats,AU,11/1/2020,-14.25,129.55,88.32,57,95,2.66
493,Garhi Khairo,PK,11/1/2020,28.06,67.98,63.1,26,0,3.27
494,Kushima,JP,11/1/2020,31.46,131.23,64.4,100,75,4.7
495,Pemangkat,ID,11/1/2020,1.17,108.97,79.47,81,100,3.49
496,Greeneville,US,11/1/2020,36.16,-82.83,55.4,24,1,12.75
497,Gizo,SB,11/1/2020,-8.1,156.84,85.32,69,12,5.23
498,Kabanjahe,ID,11/1/2020,3.1,98.49,62.28,95,100,2.66
499,Tocopilla,CL,11/1/2020,-22.09,-70.2,63.23,59,19,6.64
500,Aykhal,RU,11/1/2020,66,111.5,6.8,84,90,8.95
501,Figeac,FR,11/1/2020,44.75,1.92,55.99,81,0,5.82
502,Terekli-Mekteb,RU,11/1/2020,44.17,45.87,53.65,86,38,3.6
503,Mineiros,BR,11/1/2020,-17.57,-52.55,72.1,57,65,6.11
504,Ko Samui,TH,11/1/2020,9.54,99.94,83.35,73,99,7.87
505,Iraray,PH,11/1/2020,8.99,118.05,79.72,79,100,2.48
506,Santiago De Cuba,CU,11/1/2020,20.02,-75.82,84.2,70,75,4.7
507,Marsa Matruh,EG,11/1/2020,31.35,27.25,64.4,88,40,5.82
508,Belyy Yar,RU,11/1/2020,53.6,91.39,23,92,58,2.24
509,Khuzhir,RU,11/1/2020,53.19,107.34,20.05,86,0,5.06
510,Rezh,RU,11/1/2020,57.37,61.4,28.09,95,13,4.34
511,Psebay,RU,11/1/2020,44.12,40.81,51.08,84,100,3.85
512,Fecamp,FR,11/1/2020,49.76,0.37,63,88,90,18.34
513,Kawalu,ID,11/1/2020,-7.38,108.21,71.74,91,52,2.08
514,Xinqing,CN,11/1/2020,48.23,129.5,27.68,92,96,8.52
515,Comodoro Rivadavia,AR,11/1/2020,-45.87,-67.5,77,44,0,2.24
516,Moundsville,US,11/1/2020,39.92,-80.74,37.99,74,90,17.22
517,Svetlyy,RU,11/1/2020,54.67,20.13,44.6,87,75,11.18
518,Buraydah,SA,11/1/2020,26.33,43.98,68,37,0,6.93
519,Ust-Kut,RU,11/1/2020,56.79,105.77,15.1,88,0,3.51
520,Sereflikochisar,TR,11/1/2020,38.94,33.54,46.33,59,7,4.74
521,Darasun,RU,11/1/2020,51.67,114,10.4,72,0,2.24
522,Catamarca,AR,11/1/2020,-28.47,-65.79,73.94,32,26,12.26
523,Broome,US,11/1/2020,42.25,-75.83,42.01,93,90,6.93
524,Sainte-Anne,GP,11/1/2020,16.23,-61.37,77,94,73,13.87
525,Khategaon,IN,11/1/2020,22.6,76.92,65.25,32,12,6.06
526,Promyshlennovskiy,RU,11/1/2020,55.48,86.2,30.2,92,0,8.95
527,Inverell,AU,11/1/2020,-29.78,151.12,73.99,52,0,4
528,Burnie,AU,11/1/2020,-41.07,145.92,57.99,74,99,7
529,Krasnoselkup,RU,11/1/2020,65.7,82.47,22.19,97,96,15.52
530,Bahia De Caraquez,EC,11/1/2020,-0.6,-80.42,80.6,74,40,11.41
531,Ordzhonikidze,KZ,11/1/2020,52.44,61.74,31.86,97,73,9.13
532,Kibondo,TZ,11/1/2020,-3.59,30.72,62.76,81,32,2.19
533,Hay River,CA,11/1/2020,60.82,-115.8,21.2,79,100,19.46
534,Nanning,CN,11/1/2020,22.82,108.32,73.4,88,90,4.47
535,Medea,DZ,11/1/2020,36.26,2.75,51.8,93,20,1.12
536,Moryakovskiy Zaton,RU,11/1/2020,56.7,84.65,36,80,0,13.42
537,Kyren,RU,11/1/2020,51.68,102.14,18.66,85,6,1.54
538,Maues,BR,11/1/2020,-3.38,-57.72,84.99,58,46,3.31
539,Yaguajay,CU,11/1/2020,22.33,-79.24,79.61,85,65,11.68
540,Witu,KE,11/1/2020,-2.39,40.44,78.8,83,20,4.7
541,Oktyabrskoye,RU,11/1/2020,43.06,44.74,41,100,64,4.47
542,Wapi Pathum,TH,11/1/2020,15.85,103.38,71.6,88,55,2.24
543,Saint-Louis,SN,11/1/2020,16.33,-15,86,35,0,2.24
544,Martil,MA,11/1/2020,35.62,-5.28,62.6,88,75,3.36
545,Siteki,SZ,11/1/2020,-26.45,31.95,57.94,98,100,3.42
546,Lamar,US,11/1/2020,33.67,-95.58,66.2,32,1,14.99
547,Iralaya,HN,11/1/2020,15,-83.23,80.47,86,78,12.35
548,Isiro,CD,11/1/2020,2.77,27.62,67.14,97,100,2.24
549,Aklavik,CA,11/1/2020,68.22,-135.01,10.4,85,99,2.24
550,Cairns,AU,11/1/2020,-16.92,145.77,86,54,1,8.05
551,Inuvik,CA,11/1/2020,68.35,-133.72,10.4,85,98,2.24
552,Mgandu,TZ,11/1/2020,-5.95,34.13,62.98,82,18,9.86
553,Gaoua,BF,11/1/2020,10.3,-3.25,78.57,34,20,3.71
554,Itupiranga,BR,11/1/2020,-5.13,-49.33,86,66,20,2.24
555,Nerekhta,RU,11/1/2020,57.46,40.57,33.8,86,90,6.71
556,Diu,IN,11/1/2020,20.71,70.98,77.09,42,8,10.38
557,Taua,BR,11/1/2020,-5.97,-40.3,85.19,50,92,4.9
558,Smithers,CA,11/1/2020,54.78,-127.17,53.6,71,90,9.17
559,Gilgit,PK,11/1/2020,35.92,74.31,50.85,37,0,3.36
560,Mpanda,TZ,11/1/2020,-6.37,31.04,71.62,57,33,2.95
561,Biak,ID,11/1/2020,-0.91,122.88,80.08,73,100,5.97
562,Kupino,RU,11/1/2020,54.37,77.3,37.27,96,100,11.65
563,Sayaxche,GT,11/1/2020,16.52,-90.17,76.32,96,89,3.15
564,Scarborough,GB,11/1/2020,54.28,-0.4,63,84,99,8.01
565,Yarmouth,US,11/1/2020,41.71,-70.23,55.99,93,90,3.36
566,Eruwa,NG,11/1/2020,7.53,3.42,74.95,95,53,2.33
567,Lieksa,FI,11/1/2020,63.32,30.02,40.24,83,100,15.55
568,Warsaw,PL,11/1/2020,52.23,21.01,48,93,75,8.05
569,Eatonton,US,11/1/2020,33.33,-83.39,64.99,64,0,7.65
570,Kholtoson,RU,11/1/2020,50.3,103.31,15.06,87,0,2.13
571,Vestmanna,FO,11/1/2020,62.16,-7.17,42.8,93,51,5.82
572,Prince Rupert,CA,11/1/2020,54.32,-130.32,53.6,87,90,20.8
573,Oksfjord,NO,11/1/2020,70.24,22.35,42.8,75,73,23.04
574,Okhotsk,RU,11/1/2020,59.38,143.3,19.54,87,100,17.6
575,Tuatapere,NZ,11/1/2020,-46.13,167.68,55,69,46,11.99
576,Donskoye,RU,11/1/2020,45.46,41.97,51.8,93,75,6.71
577,Abu Samrah,SY,11/1/2020,35.3,37.18,59.32,75,75,1.97
578,Tahoua,NE,11/1/2020,14.89,5.27,79.11,18,0,11.48
579,Woodward,US,11/1/2020,36.43,-99.39,66.2,42,1,9.17
580,Yalova,TR,11/1/2020,40.66,29.28,46.4,87,0,3.98
581,Netrakona,BD,11/1/2020,24.88,90.72,73.81,93,76,1.5
582,Norfolk,US,11/1/2020,42.17,-71.25,48.2,87,90,3.36
583,Cururupu,BR,11/1/2020,-1.83,-44.87,76.32,85,48,3.49
584,Stanovoye,RU,11/1/2020,52.76,38.36,42.96,93,67,9.19
585,Caramay,PH,11/1/2020,10.18,119.24,80.01,78,100,3.49
586,Bardiyah,LY,11/1/2020,31.76,25.09,68.13,60,7,6.2
587,Andenes,NO,11/1/2020,69.31,16.12,48.2,70,100,17.22
588,Moyobamba,PE,11/1/2020,-6.05,-76.97,70.16,90,87,0.96
589,Porto Santo,PT,11/1/2020,33.07,-16.34,66.2,82,20,3.36
590,Lao Cai,VN,11/1/2020,22.48,103.95,72.77,78,96,0.34
591,Port Moresby,PG,11/1/2020,-9.44,147.18,86,74,20,3.36
592,Kang,BW,11/1/2020,-23.68,22.79,71.08,53,45,9.93
593,Gisborne,NZ,11/1/2020,-38.65,178,64,66,100,4
594,La Ronge,CA,11/1/2020,55.1,-105.28,42.8,93,94,4.7
595,Yining,CN,11/1/2020,29.04,114.56,56.21,88,100,1.63
596,Vidim,RU,11/1/2020,56.41,103.11,16.2,84,76,6.8
597,Peterborough,GB,11/1/2020,52.57,-0.25,62.6,82,100,29.97
598,Betsiamites,CA,11/1/2020,48.94,-68.65,44.6,80,90,10.29
599,Tessalit,ML,11/1/2020,20.2,1.01,75.52,21,43,12.5
600,Saint-Pierre,RE,11/1/2020,-21.34,55.48,69.8,60,75,8.05
601,Maridi,SS,11/1/2020,4.92,29.47,68.34,92,100,2.8
602,Poltava,UA,11/1/2020,49.59,34.54,48.02,86,95,9.26
603,Gulariya,NP,11/1/2020,28.23,81.33,65.14,59,0,3.13
604,Ketchikan,US,11/1/2020,55.34,-131.65,53.6,100,90,27.51
605,Beidao,CN,11/1/2020,34.57,105.89,41.85,59,52,1.34
606,Doha,QA,11/1/2020,25.29,51.53,78.8,57,0,3.36
607,Nevelsk,RU,11/1/2020,46.67,141.86,51.8,87,75,11.18
608,Westport,US,11/1/2020,41.14,-73.36,54,97,100,4.43
609,Carmen,MX,11/1/2020,18.63,-91.83,82.4,78,75,11.41
610,Qobustan,AZ,11/1/2020,40.08,49.41,53.6,100,40,2.24
611,Hamilton,US,11/1/2020,39.18,-84.53,41,51,9,3
612,Novovasylivka,UA,11/1/2020,46.83,35.75,50.23,86,69,16.62
613,Mafeteng,LS,11/1/2020,-29.82,27.24,48.67,82,7,1.99
614,Birjand,IR,11/1/2020,32.87,59.22,37.4,12,0,6.93
615,Antofagasta,CL,11/1/2020,-23.65,-70.4,60.8,72,75,19.46
616,Vila Velha,BR,11/1/2020,-20.33,-40.29,73.4,69,75,16.11
617,Nizhnyaya Tavda,RU,11/1/2020,57.67,66.17,27.12,98,73,4.92
618,Groningen,NL,11/1/2020,53.25,6.75,63,93,90,17.22
619,Nuuk,GL,11/1/2020,64.18,-51.72,21.52,95,88,3.18
620,Qaqortoq,GL,11/1/2020,60.72,-46.03,21.2,73,0,4.7
621,Yulara,AU,11/1/2020,-25.24,130.99,78.8,15,26,9.17
622,Skjervoy,NO,11/1/2020,70.03,20.97,47.19,77,86,20.27
623,Zyryanka,RU,11/1/2020,65.75,150.85,-1.93,92,100,0.13
624,Kolokani,ML,11/1/2020,13.57,-8.03,78.44,23,59,4.27
625,Ilo,PE,11/1/2020,-17.64,-71.34,63.79,80,31,5.59
626,Kloulklubed,PW,11/1/2020,7.04,134.26,77,94,75,4.7
627,Shirokiy,RU,11/1/2020,49.76,129.52,24.48,97,100,8.95
628,Richards Bay,ZA,11/1/2020,-28.78,32.04,63.54,95,100,4.61
629,Loa Janan,ID,11/1/2020,-0.58,117.09,73.98,96,100,2.33
630,Launceston,AU,11/1/2020,-41.45,147.17,61,72,100,8.05
631,Newport,GB,11/1/2020,51.59,-3,64,98,100,5.01
632,Samarai,PG,11/1/2020,-10.62,150.67,82.89,77,60,7.47
633,Havre-Saint-Pierre,CA,11/1/2020,50.23,-63.6,39.2,86,90,13.87
634,Zaltan,LY,11/1/2020,32.95,11.87,68.97,72,0,7.54
635,Tucuman,AR,11/1/2020,-26.82,-65.22,84.2,23,0,10.29
636,Chumikan,RU,11/1/2020,54.72,135.31,18.88,96,100,10.22
637,Haigerloch,DE,11/1/2020,48.37,8.8,61,77,100,3
638,Iwanai,JP,11/1/2020,42.97,140.51,55.6,88,78,6.67
639,Road Town,VG,11/1/2020,18.42,-64.62,82.99,69,40,12.75
640,Leshukonskoye,RU,11/1/2020,64.9,45.76,28.85,96,93,6.76
641,Mangan,IN,11/1/2020,27.52,88.53,65.1,28,0,6.35
642,Davila,PH,11/1/2020,18.47,120.58,80.6,88,75,9.17
643,Nampula,MZ,11/1/2020,-15.12,39.27,71.2,89,16,1.63
644,Port Lincoln,AU,11/1/2020,-34.73,135.87,71.49,46,55,14.45
645,Roma,US,11/1/2020,43.21,-75.46,42.8,81,90,8.05
646,Hohhot,CN,11/1/2020,40.81,111.65,28.4,39,0,15.66
647,Syamzha,RU,11/1/2020,60.02,41.06,26.17,97,0,2.13
648,Manggar,ID,11/1/2020,-2.88,108.27,77.14,85,100,2.8
649,Kalemie,CD,11/1/2020,-5.95,29.19,72.03,65,66,2.75
650,West Lafayette,US,11/1/2020,40.43,-86.91,41,41,1,16.11
651,Sur,OM,11/1/2020,22.57,59.53,70.23,33,0,4.76
652,Takoradi,GH,11/1/2020,4.88,-1.76,78.46,88,100,7.52
653,Mount Isa,AU,11/1/2020,-20.73,139.5,86,17,0,12.75
654,Pacifica,US,11/1/2020,37.61,-122.49,77,60,75,9.26
655,Terrasini,IT,11/1/2020,38.15,13.08,61,87,0,4.7
656,Koslan,RU,11/1/2020,63.46,48.9,28.47,94,53,6.64
657,Kiama,AU,11/1/2020,-34.68,150.87,68,82,83,9.73
658,Pingliang,CN,11/1/2020,35.54,106.69,36.77,67,0,1.43
659,Uige,AO,11/1/2020,-7.61,15.06,67.14,95,94,1.81
660,Simoes,BR,11/1/2020,-7.6,-40.82,79.83,67,45,3.33
661,Hit,IQ,11/1/2020,33.64,42.83,71.33,25,65,10.54
662,Angoche,MZ,11/1/2020,-16.23,39.91,77.14,81,66,1.66
663,Rexburg,US,11/1/2020,43.83,-111.79,60.8,19,1,5.82
664,Jalu,LY,11/1/2020,29.03,21.55,65.35,52,0,6.2
665,Gotsu,JP,11/1/2020,35,132.22,61.12,83,100,5.14
666,Ferme-Neuve,CA,11/1/2020,46.7,-75.45,41,93,100,8.05
667,Dawlatabad,AF,11/1/2020,36.41,64.91,52.03,32,0,3.76
668,Harper,LR,11/1/2020,4.38,-7.72,77.52,89,30,6.11
669,Beaufort,MY,11/1/2020,5.35,115.75,78.8,83,20,3.36
670,Saurimo,AO,11/1/2020,-9.66,20.39,66,85,33,3.15
671,Yeppoon,AU,11/1/2020,-23.13,150.73,80.6,65,20,4.7
672,Herat,AF,11/1/2020,34.5,62,43.66,61,0,1.32
673,Bykivka,UA,11/1/2020,50.29,27.98,39.09,96,60,6.38
674,Belle Fourche,US,11/1/2020,44.67,-103.85,59,22,1,12.75
675,Nanuque,BR,11/1/2020,-17.84,-40.35,67.8,88,100,5.26
676,Muros,ES,11/1/2020,42.78,-9.06,66.99,90,100,21.99
677,Nemuro,JP,11/1/2020,43.32,145.57,57.02,87,91,19.08
678,Coahuayana,MX,11/1/2020,18.73,-103.68,85.89,63,4,3.58
679,Namestovo,SK,11/1/2020,49.41,19.48,42.01,90,100,5.01
680,Dakar,SN,11/1/2020,14.69,-17.44,78.8,78,0,2.24
681,Faya,SA,11/1/2020,18.39,42.45,60.8,30,0,1.81
682,Tifton,US,11/1/2020,31.45,-83.51,69.8,68,1,4.7
683,Lethem,GY,11/1/2020,3.38,-59.8,84.16,60,96,1.66
684,Dukat,RU,11/1/2020,62.55,155.55,13.66,95,100,5.17
685,Kasongo,CD,11/1/2020,-4.45,26.67,69.84,96,34,1.34
686,Chernyshevskiy,RU,11/1/2020,63.01,112.47,3.52,93,86,9.28
687,Benalla,AU,11/1/2020,-36.55,145.98,69.01,72,100,3.36
688,Lafia,NG,11/1/2020,8.48,8.52,76.44,55,96,0.27
689,Awjilah,LY,11/1/2020,29.11,21.29,64.22,57,0,7.76
690,Calatagan,PH,11/1/2020,13.88,120.65,78.85,81,100,7.85
691,Santa Cruz,BO,11/1/2020,-17.8,-63.17,87.8,25,0,9.17
692,Gweta,BW,11/1/2020,-20.18,25.23,77.05,45,5,16.58
693,Kazlu Ruda,LT,11/1/2020,54.77,23.5,46.4,70,5,6.93
694,Bowen,AU,11/1/2020,-20.02,148.23,80.6,74,40,8.05
695,Luganville,VU,11/1/2020,-15.53,167.17,82.4,78,75,11.41
696,Veinticinco De Mayo,AR,11/1/2020,-35.43,-60.17,61.21,71,0,6.93
697,Patacamaya,BO,11/1/2020,-17.23,-67.92,50.2,61,55,11.79
698,Lasa,IT,11/1/2020,46.62,10.7,50,71,75,5.82
699,Karlivka,UA,11/1/2020,49.46,35.13,47.84,92,100,10
700,Mnogovershinnyy,RU,11/1/2020,53.94,139.92,34.54,97,96,1.83
701,Steamboat Springs,US,11/1/2020,40.48,-106.83,59,19,1,1.86
702,Clonakilty,IE,11/1/2020,51.62,-8.87,51.8,93,75,14.99
703,Barra Patuca,HN,11/1/2020,15.8,-84.28,79.79,85,100,9.51
704,Lokosovo,RU,11/1/2020,61.13,74.82,29.59,97,99,11.83
705,Curuca,BR,11/1/2020,-0.73,-47.85,78.3,84,92,5.64
706,Fernan-Nunez,ES,11/1/2020,37.69,-4.72,57.2,82,0,1.12
707,Ola,RU,11/1/2020,59.58,151.28,30.06,93,99,8.32
